title,author,rating,description,genre,genres,cover_id,first_publish_year,edition_count
Lilith,George MacDonald,4.0,"Lilith, written by the father of fantasy literature, George MacDonald, was first published in 1895. Its importance was recognized in its later revival in paperback by Ballantine Books as the fifth volume of the celebrated Ballantine Adult Fantasy series in September, 1969. Lilith is considered among the darkest of MacDonald's works, and among the most profound. It is a story concerning the nature of life, death and salvation. Many believe MacDonald is arguing for Christian universalism, or the idea that all will eventually be saved.","Fiction, general","['Fiction, general', 'Non-Classifiable', 'General', 'Christian fiction']",14364546.0,1895,403
The Sea Fairies,L. Frank Baum,4.0,"This is a tale of life beneath the sea, of mermaids and sea serpents and other strange inhabitants of the ocean depths. A little girl named Trot and Cap'n Bill, an old sailor, are invited by several mermaids to come and visit their under-water home. Baum wrote this story in the hope of interesting his readers in something other than Oz; in the preface he writes: ""I hope my readers who have so long followed Dorothy's adventures in the Land of Oz will be interested in Trot's equally strange experiences."" Of course, he did not succeed in distracting his fans from Oz, yet the book was eagerly read; the result of this attempt was that he was forced to introduce Trot and Cap'n Bill into the later Oz stories.",Children's stories,"[""Children's stories"", 'Juvenile fiction', 'Classic Literature', 'Fiction', ""Children's fiction"", 'Fantasy fiction', 'Fantasy']",1814237.0,1911,528
The Phoenix and the Carpet,Edith Nesbit,4.0,"Five British children discover in their new carpet an egg, which hatches into a phoenix that takes them on a series of fantastic adventures around the world.",Magic,"['Magic', 'Juvenile fiction', 'Fiction', 'Mythical Animals', 'History', ""Children's fiction"", 'Fantasy fiction', 'Carpets', 'Fantasy', 'Siblings', 'Children, fiction', 'Magic, fiction', 'Fiction, general', 'Great Britain']",902122.0,1903,436
The Enchanted Castle,Edith Nesbit,4.0,"E. Nesbit's classic story of how Gerald, Cathy and Jimmy find an enchanted garden and awake a princess from a hundred-year sleep, only to have her immediately made invisible by a magic ring. Her rescue is difficult, funny and sometimes frightening.",Fiction,"['Fiction', 'Fantasy', 'Magic', 'Rings', 'Friendship', 'History', 'England', 'Wishes', 'Juvenile fiction', ""Children's fiction"", 'Fantasy fiction', 'Castles', ""Children's stories"", 'Castles, fiction', 'Magic, fiction', 'Friendship, fiction', 'Children', 'England, fiction', 'Fiction, general']",6644514.0,1907,477
Carmilla,Joseph Sheridan Le Fanu,4.0,https://openlibrary.org/works/OL2895536W,Fiction,"['Fiction', 'Lesbians', 'Vampires', 'Fiction, horror', 'Austria, fiction', 'Vampires, fiction', 'Gothic Fiction', 'Horror', 'Ireland, fiction', 'Vampires--fiction', '823/.8', 'English fiction', 'Horror tales']",973851.0,1871,267
Peter Pan,J. M. Barrie,4.0,"The adventures of the three Darling children in Never-Never Land with Peter Pan, the boy who would not grow up.",Pop-up books,"['Pop-up books', 'Specimens', 'Juvenile fiction', 'Fiction', 'open_syllabus_project', ""Children's stories"", 'Classic Literature', 'Drama', 'Fantasy', 'Pirates', ""Children's plays"", 'Fairy plays', 'Fairies', ""Children's fiction"", 'Fantasy fiction', 'English literature', 'Boys', 'nyt:picture-books=2008-11-23', 'Youth, fiction', 'Plays', 'Pirates, fiction', 'Imaginary societies', 'Classics', 'Fiction, general', 'Fairies, fiction']",8237052.0,1911,428
Dracula,Bram Stoker,4.0,"Sink your teeth into the ageless tale of the famous vampire Count Dracula.

Dracula first horrified readers over 125 years ago. Today, this original gothic masterpiece includes a detailed exploration into the 1897 classic vampire novel and its author, Bram Stoker.

In this bonus introduction,

Learn about Stoker’s early life, his colorful career, and the famous friends he made leading up to the creation of his magnum opus, Dracula.
Tune into the speculative theories of Stoker’s personal life and his deeply repressed homosexual tendencies.
Delve deep into the folklore and mysticism that inspired Dracula, the masterful work itself, and the lasting impact it continues to have on pop culture.
This annotated introduction accompanying this classic novel is essential for all fans of Bram Stoker’s Dracula. I welcome you, the reader, as Count Dracula beckoned Jonathan Harker:

“Welcome to my house. Enter freely and at your own free will.”",English language,"['English language', 'English literature', 'Fiction', 'Horror', 'Horror stories', 'Horror tales', 'Monsters', 'Thriller', 'Vampires', 'Horror fiction', 'Irish authors', 'Epistolary novels', 'Romanians', 'British', 'Psychological fiction', 'Transylvania (Romania)', ""Children's fiction"", 'Romania, fiction', 'England, fiction', 'Vampires, fiction', 'Fiction, horror', 'Adaptations', 'Fiction, gothic', 'Dictionaries', 'French', 'German', 'Spanish', 'Juvenile fiction', ""Children's stories"", 'Literature', 'Fiction, psychological', 'Vampiros', 'Novela', 'Fiction, ghost', 'Irish fiction', 'Dracula (Stoker)', 'Literary criticism', 'Gothic literature', 'l', 'Report writing', 'Drama', 'Science fiction', 'Romans, nouvelles', 'Classics', 'Temples', 'Legends', 'Religion']",12216503.0,1897,730
Phantastes,George MacDonald,4.0,"One of George MacDonald's most important works, Phantastes is the story of a young man named Anotos and his long dreamlike journey in Fairy Land. It is the fairy tale of deep spiritual insight as Anotos makes his way through moments of uncertainty and peril and mistakes that can have irreversible consequences. This is also his spiritual quest that is destined to end with the supreme surrender of the self. When he finally experiences the hard-won surrender, a wave of joy overwhelms him. His intense personal introspection is honest as he is offered the full range of symbolic choices--great beauty, horrifying ugliness, irritating goblins, nurturing spirits. Each confrontation in Fairy Land allows Anotos to learn many necessary lessons. As he continues on the journey, many shadowy beings threaten his spiritual well-being and compel him to sing. The songs are irresistible to a beautiful White Lady who is freed from inside a statue by the music, and Anotos remains captivated by her for a long time. He sees the world more objectively; his trek invites a natural descent into feelings of pride and egotism. But his losses and sorrows coalesce themselves into things of grace, and these experiences help his spiritual growth.     Please Note:  This book has been reformatted to be easy to read in true text, not scanned images that can sometimes be difficult to decipher.  The Microsoft eBook has a contents page linked to the chapter headings for easy navigation. The Adobe eBook has bookmarks at chapter headings and is printable up to two full copies per year.  Both versions are text searchable.",Fairy tales,"['Fairy tales', 'Classic Literature', 'Fantasy', 'Fiction', 'English literature', 'Fairies', 'Scottish authors', 'Fantasy fiction', 'Fiction, general']",14358814.0,1850,417
The Book of Dragons,Edith Nesbit,4.0,"Eight madcap tales of unpredictable dragons — including one made of ice, another that takes refuge in the General Post Office, and a fire-breathing monster that flies out of an enchanted book and eats an entire soccer team! Marvelous adventure and excitement for make-believers of all ages.",Juvenile fiction,"['Juvenile fiction', 'Fiction', 'Fairy tales', 'Dragons', 'Short stories', ""Children's fiction"", 'Dragons, fiction', ""Children's stories"", 'Fiction, general']",4342323.0,1973,705
The princess and the goblin,George MacDonald,4.0,A little princess is protected by her friend Curdie who knows how to frighten the goblin miners who live beneath the castle.,Fairy tales,"['Fairy tales', 'Princesses', 'Fiction', 'Goblins']",13192917.0,1907,430
Alice's Adventures in Wonderland,Lewis Carroll,4.0,"Alice's Adventures in Wonderland (commonly Alice in Wonderland) is an 1865 English children's novel by Lewis Carroll. A young girl named Alice falls through a rabbit hole into a fantasy world of anthropomorphic creatures. It is seen as an example of the literary nonsense genre.

One of the best-known works of Victorian literature, its narrative, structure, characters and imagery have had huge influence on popular culture and literature, especially in the fantasy genre.",JUVENILE FICTION,"['JUVENILE FICTION', 'classics', 'adventure stories', 'adventure travel', 'animals', 'anthropomorphism', 'children', ""children's fiction"", ""children's literature"", ""children's stories"", 'classic literature', 'coloring books', 'croquet', 'curiosidad', 'curiosity', 'english', 'english language', 'english literature', 'fairy tales', 'fantasy', 'fantasy fiction', 'fantasy  magic', 'fantasía', 'ficción juvenil', 'fiction', 'friendship', 'girls', 'girls, fiction', 'hookahs', 'humor', 'humorous stories', 'illustrations', 'imaginary places', 'juvenile literature', 'legends', 'literary nonsense', 'logic', 'lugares imaginarios', 'mythical animals', 'niñas', 'nonsense verses', 'novela', 'novela fantástica', 'novela juvenil', 'picture books', 'playing cards', 'rabbits', 'readers', 'reading materials', 'short novel', 'tea', 'texts', 'Fantastique', 'Enfants', 'Spanish language', 'nyt:chapter-books=2010-02-21', 'Literatura infanto-juvenil', 'Literatura inglesa', 'Crocheting', 'Fiction, general', 'Imagination', 'Science fiction', 'Irish literature', 'Swahili language', 'Xiao shuo', 'Fantasi a', 'Tong hua', 'Suo xie', 'Chinese language', 'Ying yu', 'Decision making', 'Illusion (Philosophy)', 'Innocence (Psychology)', 'Dreams', 'Theft', 'Courts', 'Curiosité', 'Morale pratique', 'Lieux imaginaires', 'Illusion (Philosophie)', 'Rêves', 'Croquet (Jeu)', 'Vol (Droit)', 'Tribunaux', 'Literature, collections', 'English fiction', 'Nonsense literature', 'Fantasmes', 'Dinosaurier', 'Utdöda djur', 'Urtidsdjur', 'Forntiden', 'Geologi', 'Evolution', 'Jorden', 'Fantastiske fortællinger', 'History', 'North', 'Rural-urban migration', 'Russian language', 'Shorthand', 'Gregg', 'Roman anglais', 'Erwachsenwerden', 'Kultur', 'Logik', 'Mädchen', 'Philosophie', 'Reise', 'Sprache', 'Traumland']",10527843.0,1865,3546
The Awakening,Kate Chopin,4.0,"The Awakening is a novel by Kate Chopin, first published in 1899. Set in New Orleans and on the Louisiana Gulf coast at the end of the 19th century, the plot centers on Edna Pontellier and her struggle between her increasingly unorthodox views on femininity and motherhood with the prevailing social attitudes of the turn-of-the-century American South. It is one of the earliest American novels that focuses on women's issues without condescension. It is also widely seen as a landmark work of early feminism, generating a mixed reaction from contemporary readers and critics.",Adultery,"['Adultery', 'American literature', 'Classic Literature', 'feminist fiction', 'feminist literature', 'Fiction', 'History', 'Interpersonal attraction', 'Interpersonal relations', 'literary fiction', 'Louisiana Creoles', 'Man-woman relationships', 'Marriage', 'Married people', 'Married women', 'Modern Literature', 'Psychological fiction', 'Psychology', 'Romance fiction', 'Self-actualization (Psychology)', 'Short Stories', 'Social conditions', 'Women', 'Fiction, psychological', 'Louisiana, fiction', 'Femmes', 'Romans, nouvelles']",8750241.0,1899,346
The King in Yellow,Robert W. Chambers,4.0,"An important early classic of fantasy/sci-fi.  [Main story:] The ill effects of a soul-destroying play, to read which brings doom.  A discovery that changes living flesh to stone.  The mad adherents of a cult of evil powers from beyond. A lost traveler is suddenly 400 years in the past.
Great writing; powerful emotions. Chambers wrote mainly conventional stuff, but not here.",Fiction,"['Fiction', 'Fiction, horror', 'American fiction', 'Cuentos estadounidenses', 'Fiction, general', 'American literature', 'Literature']",4752788.0,1895,430
The Jewel of Seven Stars,Bram Stoker,4.0,"This dark fantasy Bram Stoker book is full of suspense.  Set in ancient Egypt, it will keep you on the edge of your seat with a twist Please Note:  This book is easy to read in true text, not scanned images that can sometimes be difficult to decipher.  This eBook has bookmarks at chapter headings and is printable up to two full copies per year.at the end.  A must for Bram Stoker fans.",Mummies,"['Mummies', 'Horror', 'Fiction', 'Archaeologists', 'Classic Literature', 'Thriller', 'Fiction, horror', 'Archaeologists, fiction', 'History', 'Gems', 'Egyptian Magic', 'Antiquities', 'Antiquités', 'Romans, nouvelles']",2760301.0,1902,653
Women in Love,D. H. Lawrence,4.0,"Dark, but filled with bright genius, Women in Love is a prophetic masterpiece steeped in eroticism, filled with perceptions about sexual power and obsession that have proven to be timeless and true.",Romance,"['Romance', 'Classic Literature', 'Male friendship', 'Fiction', 'Social classes', 'Social conditions', 'Interpersonal relations', 'open_syllabus_project', 'Sisters', 'Coal miners', 'Women', 'England, fiction', 'Sisters, fiction', 'Fiction, psychological', 'Friendship, fiction', 'Women teachers', 'Fiction, general', 'Sexual behavior', 'English fiction', 'English literature', 'Classics']",13140934.0,1877,553
The Hobbit,J.R.R. Tolkien,4.0,"The Hobbit is a tale of high adventure, undertaken by a company of dwarves in search of dragon-guarded gold. A reluctant partner in this perilous quest is Bilbo Baggins, a comfort-loving unambitious hobbit, who surprises even himself by his resourcefulness and skill as a burglar.

Encounters with trolls, goblins, dwarves, elves, and giant spiders, conversations with the dragon, Smaug, and a rather unwilling presence at the Battle of Five Armies are just some of the adventures that befall Bilbo.

Bilbo Baggins has taken his place among the ranks of the immortals of children’s fiction. Written by Professor Tolkien for his children, The Hobbit met with instant critical acclaim when published.",Arkenstone,"['Arkenstone', 'invisibility', 'thrushes', 'eagles', 'hobbits', 'wizards', 'dragons', 'dwarves', 'elves', 'men', 'trolls', 'goblins', 'giant spiders', 'juvenile fantasy', 'Fantasy fiction', 'Juvenile fiction', 'Fiction', 'Fantasy', 'Classics', 'General', 'Media Tie-In', ""children's books"", 'juvenile works', 'Specimens', 'juvenile literature', 'Pictorial works', 'Magic', 'Quests (Expeditions)', 'Graphic novels', ""Children's stories"", 'Ficción', 'Dwarfs', ""Children's fiction"", 'Characters', 'Motion pictures', 'English literature', 'Courage', 'Tłumaczenia polskie', 'Novela Inglesa', 'Untranslated', 'Romans, nouvelles', 'Novela fantástica', 'Magiciens', 'Schultheater', 'English fiction', 'Adventure stories']",14627509.0,1937,458
The Man Who Was Thursday,Gilbert Keith Chesterton,4.0,"Can you trust yourself when you don't know who you are? Syme uses his new acquaintance to go undercover in Europe's Central Anarchist Council and infiltrate their deadly mission, even managing to have himself voted to the position of 'Thursday'. In a park in London, secret policeman Gabriel Syme strikes up a conversation with an anarchist. Sworn to do his duty,When Syme discovers another undercover policeman on the Council, however, he starts to question his role in their operations. And as a desperate chase across Europe begins, his confusion grows, as well as his confidence in his ability to outwit his enemies.But he has still to face the greatest terror that the Council has - its leader: a man named Sunday, whose true nature is worse than Syme could ever have imagined ...",Anarchists,"['Anarchists', 'Police', 'Fiction', 'Novela fantástica', 'Ficción', 'Classic Literature', 'Alegorías', 'Anarquistas', 'England, fiction', 'Fiction, crime', 'London (England)', 'Religion', 'English literature', 'Conspiracies', 'Anarchism', 'Detective Story', 'Mystery', 'Crime Novel', 'Drama', 'Novela inglesa', 'Christianity', 'Anarchists--fiction', '823/.912']",8242857.0,1908,496
Hans Andersen's Fairy Tales,Hans Christian Andersen,4.0,"Sixteen tales including ""Little Claus and Big Claus,"" ""Father's Always Right,"" and ""The Goblin and the Grocer.""",Miniature books,"['Miniature books', 'Juvenile literature', 'Specimens', 'Basic English', 'Folklore', 'Denmark', 'open_syllabus_project', ""Children's stories"", 'Short stories', 'Juvenile fiction', 'Texts', 'Fairy tales', ""Children's fiction"", 'Denmark, fiction']",320591.0,1846,298
Animal Farm,George Orwell,4.0,"Animal Farm is a brilliant political satire and a powerful and affecting story of revolutions and idealism, power and corruption. 'All animals are equal. But some animals are more equal than others.' Mr Jones of Manor Farm is so lazy and drunken that one day he forgets to feed his livestock. The ensuing rebellion under the leadership of the pigs Napoleon and Snowball leads to the animals taking over the farm. Vowing to eliminate the terrible inequities of the farmyard, the renamed Animal Farm is organised to benefit all who walk on four legs. But as time passes, the ideals of the rebellion are corrupted, then forgotten. And something new and unexpected emerges..",political satire,"['political satire', 'classic', 'animal drama', 'Fiction, political', 'Fiction, satire', 'English literature', 'Fiction', 'Literature', 'Animals, fiction', 'Behavior, fiction', 'Totalitarianism', 'Domestic animals', 'Français (langue)', 'Roman', 'Animales domésticos', 'Ficción', 'Totalitarismo', ""Children's fiction"", 'Animals', 'Farms', 'Livestock', 'Political corruption', 'Englischunterricht', 'Skönlitteratur', 'Fiction, general', 'Political science', 'Fables', 'Satire', 'Political fiction', 'Politique-fiction', 'Animaux domestiques', 'Romans, nouvelles', 'Totalitarisme', 'In literature', 'Allegories', 'Juvenile fiction', 'Englisch', 'Regensburg']",11261770.0,1945,412
Anne of Avonlea,Lucy Maud Montgomery,4.0,"The second story in the ever-popular Anne of Green Gables series.Now Anne is half past sixteen and she's ready to begin a new life teaching in her old school. She's as feisty as ever and is fiercely determined to inspire young hearts with her own ambitions. But some of her pupils are as boisterous and high-spirited as Anne, and so life in her Avonlea classroom becomes a lesson in discovery and adventure . . .",Fiction,"['Fiction', 'History', 'Juvenile fiction', 'Orphans', 'Teachers', 'Islands', ""Children's stories"", 'Teenage girls', 'Friendship', 'Rural schools', 'Country life', 'Juvenile Literature', 'Classic Literature', 'Adolescence', 'Young women', 'Redheads', 'Women teachers', ""Children's fiction"", 'Orphans, fiction', 'Teachers, fiction', 'Teaching', 'Canada, fiction', 'Fiction (Canadian)', 'Fiction, general']",14638062.0,1909,813
The Invisible Man,H. G. Wells,4.0,"This book is the story of Griffin, a scientist who creates a serum to render himself invisible, and his descent into madness that follows.",Ciencia-ficción,"['Ciencia-ficción', 'Classic Literature', 'Fiction', 'Mentally ill', 'Science fiction', 'Scientists', 'Experiments', 'Adaptations', 'Time travel', 'England, fiction', 'Scientists, fiction', ""Children's fiction"", 'English literature', 'Juvenile fiction', 'Science', 'Animal experimentation', 'English language', 'French', 'Korean', 'German', 'Fiction, general', 'Spanish language', 'Readers', 'Horror tales', 'Psychological fiction']",6419199.0,0,563
Northern Lights,Philip Pullman,4.0,"In a landmark epic of fantasy and storytelling, Philip Pullman invites readers into a world as convincing and thoroughly realized as Narnia, Earthsea, or Redwall. Here lives an orphaned ward named Lyra Belacqua, whose carefree life among the scholars at Oxford's Jordan College is shattered by the arrival of two powerful visitors. First, her fearsome uncle, Lord Asriel, appears with evidence of mystery and danger in the far North, including photographs of a mysterious celestial phenomenon called Dust and the dim outline of a city suspended in the Aurora Borealis that he suspects is part of an alternate universe. He leaves Lyra in the care of Mrs. Coulter, an enigmatic scholar and explorer who offers to give Lyra the attention her uncle has long refused her. In this multilayered narrative, however, nothing is as it seems. Lyra sets out for the top of the world in search of her kidnapped playmate, Roger, bearing a rare truth-telling instrument, the compass of the title. All around her children are disappearing—victims of so-called ""Gobblers""—and being used as subjects in terrible experiments that separate humans from their daemons, creatures that reflect each person's inner being. And somehow, both Lord Asriel and Mrs. Coulter are involved.",Political theology,"['Political theology', 'Polar bears', 'Kidnapping', 'Adventure stories', 'Juvenile fiction', 'Fantasy', 'Experiments', 'Witches', 'Missing persons', 'Fiction', 'Children', 'Experimentos', 'Ficción juvenil', 'Imaginary places', 'Lugares imaginarios', 'Magia', 'Magic', 'Niños', 'Novela fantástica', 'Novela juvenil', 'Personas desaparecidas', 'Quests (Expeditions)', 'Secuestro', 'Artic regions', 'Fantasy fiction', 'Arctic Regions', 'skjønnlitteratur', 'adventure', 'Amitie', 'Magie', 'Personnes disparues', 'Merveilleux', 'Romans', 'Enlevement', ""Children's fiction"", 'Orphans', 'Uncles', 'Science', 'Demonology', 'Geographical myths', 'Mythical Animals', 'Carnegie Medal', 'General', 'Teens', 'Teenage fiction', 'Survival, fiction', 'The Marvelous', 'Amitié', 'Dämon', 'Entführung', 'Imaginärer Schauplatz', 'Kind', 'Menschenversuch', 'Mädchen', 'Zigeuner', 'Teachers, fiction', 'Familiars (Spirits)']",8747028.0,1995,142
Treasure Island,Robert Louis Stevenson,4.0,"Traditionally considered a coming-of-age story, Treasure Island is an adventure tale known for its atmosphere, characters and action, and also as a wry commentary on the ambiguity of morality — as seen in Long John Silver — unusual for children's literature then and now. It is one of the most frequently dramatized of all novels. The influence of Treasure Island on popular perceptions of pirates is enormous, including treasure maps marked with an ""X"", schooners, the Black Spot, tropical islands, and one-legged seamen carrying parrots on their shoulders",Fiction,"['Fiction', 'Treasure-trove', 'Pirates', 'Treasure troves', ""Children's fiction"", 'Pirates, fiction', 'Literature', 'Buried treasure', 'Juvenile fiction', 'Adventure stories', 'History', 'Classic Literature', 'Juvenile literature', 'Boys', 'Treasure maps', 'Sea stories', 'Piratas', 'Tesoros ocultos', 'Ficción', 'Treasuretrove', 'Adventure fiction', 'England, fiction', 'New Words', 'Remedial teaching', 'Reading interests', 'Reading', 'Reading (Secondary)', 'Report writing', 'English language', 'Readers', 'Fantasy', 'AR 8.0.', 'Adaptations', 'Graphic novels', 'Teenage boys', 'Kidnapping', 'Disinheritance', 'Shipwrecks', 'Dictionaries', 'Spanish', 'French', 'German', 'Classic Novel', 'buccaneers', 'buried gold', 'joy', 'fear', 'suspense', 'Classics', 'Roman écossais', 'Reading comprehension', 'Problems, exercises', 'English fiction', 'Novela', 'Novela inglesa', 'Ficción juvenil', 'Spanish language', 'Literary Criticism', 'Nonfiction', 'Thriller', 'Novela juvenil', 'Aventuras', 'Trésors', 'Romans, nouvelles', 'Recherche', 'Tesoros enterrado', 'Buried treasure--Fiction', 'Pirates--Fiction', 'Ocean travel', 'Mutiny', 'Male authors', 'Scottish authors', 'Specimens', 'Language readers', 'Historical fiction', 'English Literature', 'English', ""Children's literature"", 'Treasure', 'Littérature anglaise', 'Treasure hunts', 'Angol irodalom', 'Regény']",13859660.0,1880,1984
Five Children and It,Edith Nesbit,4.0,"Haven't you ever thought what you would wish for if you were granted three wishes? In Nesbit's delightful classic, five siblings find a creature that grants their wishes, but as the old saying goes: be careful what you wish for, it might come true...",Fiction,"['Fiction', 'Fairies', 'Wishes', 'History', 'Juvenile fiction', 'Fantasy', 'Fairy tales', 'Stories', 'England', 'Fantasy fiction', 'Amulets', ""Children's fiction"", 'Fairies, fiction', 'England, fiction', 'Children, fiction', 'Readers', 'Readers (Adult)', 'English language', 'Reading comprehension', 'Problems, exercises', 'Children', 'Fiction, general', 'Fées', 'Souhaits', 'Histoire', 'Family', 'Siblings, fiction', 'Ying yu', 'Han yu', 'Anglais (Langue)']",28174.0,1905,945
The Fellowship of the Ring,J.R.R. Tolkien,4.0,"One Ring to rule them all, One Ring to find them, One Ring to bring them all and in the darkness bind them.

“A unique, wholly realized other world, evoked from deep in the well of Time, massively detailed, absorbingly entertaining, profound in meaning.”—The New York Times

In ancient times the Rings of Power were crafted by the Elven-smiths, and Sauron, the Dark Lord, forged the One Ring, filling it with his own power so that he could rule all others. But the One Ring was taken from him, and though he sought it throughout Middle-earth, it remained lost to him. After many ages it fell into the hands of Bilbo Baggins, as told in The Hobbit. In a sleepy village in the Shire, young Frodo Baggins finds himself faced with an immense task, as his elderly cousin Bilbo entrusts the Ring to his care. Frodo must leave his home and make a perilous journey across Middle-earth to the Cracks of Doom, there to destroy the Ring and foil the Dark Lord in his evil purpose.",Elves,"['Elves', 'Dwarves', 'evil', 'fear', 'hope', 'Ficción', 'Fantastic fiction', 'Fiction', 'Fantasy', 'Fairy tales', 'Adventure stories', 'Fantasy fiction', 'Adventure fiction', 'English fiction', ""Children's fiction"", 'English literature', 'Roman', 'Français (langue)', 'Vol. 1.', 'Romans, nouvelles']",14627060.0,1954,296
The Two Towers,J.R.R. Tolkien,4.0,"The Lord of the Rings, J.R.R. Tolkien's three-volume epic, is set in the imaginary world of Middle-earth -- home to many strange beings, and most notably hobbits, a peace-loving ""little people,"" cheerful and shy. Since its original British publication in 1954-55, the saga has entranced readers of all ages. It is at once a classic myth and a modern fairy tale. Critic Michael Straight has hailed it as one of the ""very few works of genius in recent literature."" Middle-earth is a world receptive to poets, scholars, children, and all other people of good will. Donald Barr has described it as ""a scrubbed morning world, and a ringing nightmare world...especially sunlit, and shadowed by perils very fundamental, of a peculiarly uncompounded darkness."" The story of this world is one of high and heroic adventure. Barr compared it to Beowulf, C.S. Lewis to Orlando Furioso, W.H. Auden to The Thirty-nine Steps. In fact the saga is sui generis -- a triumph of imagination which springs to life within its own framework and on its own terms. - Jacket flap.

Frodo and the Companions of the Ring have been beset by danger during their quest to prevent the Ruling Ring from falling into the hands of the Dark Lord by destroying it in the Cracks of Doom. They have lost the wizard, Gandalf, in the battle with an evil spirit in the Mines of Moria; and at the Falls of Rauros, Boromir, seduced by the power of the Ring, tried to seize it by force. While Frodo and Sam made their escape the rest of the company were attacked by Orcs. Now they continue their journey alone down the great River Anduin – alone, that is, save for the mysterious creeping figure that follows wherever they go. J.R.R. Tolkien’s great work of imaginative fiction has been labelled both a heroic romance and a classic fantasy fiction. By turns comic and homely, epic and diabolic, the narrative moves through countless changes of scene and character in an imaginary world which is totally convincing in its detail.

----------
**Also contained in:**

 - [The Lord of the Rings][1]


  [1]: https://openlibrary.org/works/OL27448W/The_Lord_of_the_Rings",Ents,"['Ents', 'Orcs', 'hobbits', 'magic', 'Ficción', 'Fiction', 'Fantasy', 'Popular Carousel', 'English fiction', 'Fantasy fiction', 'Adventure fiction', 'Fantasmes', 'Roman fantastique', 'Epic fiction', 'Fantastic fiction', 'Science-fiction anglaise', 'Romans, nouvelles', 'Littérature britannique', 'Fantasy anglaise', 'Novela', 'Geographical myths', ""Children's fiction"", 'English literature', 'Quests (Expeditions)', 'Mythology', 'Wizards']",14627564.0,1954,277
The Subtle Knife,Philip Pullman,4.0,"As the boundaries between worlds begin to dissolve, Lyra and her daemon help Will Parry in his search for his father and for a powerful, magical knife.

She had asked: What is he? A friend or an enemy?

The alethiometer answered: He is a murderer.

When she saw the answer, she relaxed at once.

Lyra finds herself in a shimmering, haunted otherworld – Cittàgazze, where soul-eating Spectres stalk the streets and wingbeats of distant angels sound against the sky.

But she is not without allies: twelve-year-old Will Parry, fleeing for his life after taking another's, has also stumbled into this strange new realm.

On a perilous journey from world to world, Lyra and Will uncover a deadly secret: an object of extraordinary and devastating power.

And with every step, they move closer to an even greater threat – and the shattering truth of their own destiny.",Fantasy,"['Fantasy', 'Juvenile literature', 'Fantasy fiction', 'Juvenile fiction', 'Fiction', 'Kidnapping', 'Missing persons', 'Arctic regions', ""Children's fiction"", 'Romans', 'Personnes disparues', 'Enlèvement', 'Magic', 'Magia', 'Niños', 'Quests (Expeditions)', 'Experimentos', 'Novela fantástica', 'Lugares imaginarios', 'Personas desaparecidas', 'Secuestro', 'Imaginary places', 'Experiments', 'Ficción juvenil', 'Children', 'Classics', 'Audiobooks', 'Audio: Juvenile', 'JUV', 'JUV037000', ""Children's audiobooks"", 'Merveilleux', 'Roman fantastique', 'Magie', 'Univers parallèles', 'Novela', 'Chinese text']",12614549.0,1997,104
Dorothy and the Wizard in Oz,L. Frank Baum,4.0,"Dorothy and the Wizard in Oz is the fourth book in Baum's Oz series. The series chronicles the further adventures of Dorothy both in and out of Oz, as she deals with the characters, situations and desires which continue to spill over from her first fateful adventure.",Fairy tales,"['Fairy tales', 'Fiction', 'Fantasy', 'Classic Literature', 'Juvenile fiction', 'Fantasy fiction', ""Children's fiction"", 'California, fiction', 'Earthquakes, fiction', 'Wizards, fiction']",12648659.0,1908,622
The Return of the King,J.R.R. Tolkien,4.0,"THE RETURN OF THE KING, which brings to a close the great epic of war and adventure begun in The Fellowship of the Ring and continued in The Two Towers, is the third and final part of J. R. R. Tolkien's masterpiece, ""The Lord of the Rings.""

In these three books, which form one continuous narrative, Tolkien created the saga of the Hobbits of Middle-earth and the great War of the Rings. Praised by such writers and poets as W. H. Auden, Richard Hughes and C. S. Lewis, ""The Lord of the Rings"" - that special world of beauty and terror and meaning - holds a secure place among the books that will live.

----------
**Also contained in:**

 - [The Lord of the Rings][1]


  [1]: https://openlibrary.org/works/OL27448W/The_Lord_of_the_Rings",Elves,"['Elves', 'Hobbits', 'hope', 'fear', 'magic', 'Fiction', 'Fantasy', 'Juvenile fiction', 'Fantastic fiction', 'Textual Criticism', 'Adventure', 'Fantasy fiction', 'English literature', ""Children's fiction"", 'Quests (Expeditions)', 'Wizards', 'Roman', 'Français (langue)', 'Novela', 'Novela fantástica', 'Literatura inglesa', 'Novela inglesa', 'Powieści']",14627062.0,1950,271
The Silmarillion,J.R.R. Tolkien,4.0,"A number-one New York Times bestseller when it was originally published, The Silmarillion is the core of J.R.R. Tolkien's imaginative writing, a work whose origins stretch back to a time long before The Hobbit.",Fantasy fiction,"['Fantasy fiction', 'Short stories', 'Elves', 'Fiction', 'English literature', 'Engelse fiksie', 'fantasy', 'silmaril', 'English fiction']",14627042.0,1977,147
The Last Battle,C.S. Lewis,4.0,"For the first time, an edition of Lewis's classic fantasy fiction packaged specifically for adults. Complementing the look of the author's non-fiction books, and anticipating the forthcoming Narnia feature films, this edition contains an exclusive ""P.S."" section about the history of the book, plus a round-up of the first six titles. The last days of Narnia, and all hope seems lost as lies and treachery interweave to threaten the destruction of everything. As the battle lines are drawn, old friends are summoned back to Narnia, though none can predict the outcome in this magnificent ending to the famous series. On 9 December 2005, Andrew (Shrek) Adamson's live-action film adaptation of The Lion, the Witch and the Wardrobe will be released by Disney, and it is already being hailed as the biggest film franchise of all time, guaranteed to appeal to adults and children across the globe. The second film is already in development. Sporting breathtaking new photographic covers, these new adult editions of the seven Chronicles of Narnia now give everyone an opportunity to experience the adventures in their original form. Re-live your childhood fantasies or discover for the first time what everyone will be talking about by Christmas and savour some of the best-loved stories ever written.",Juvenile Fiction,"['Juvenile Fiction', 'Fiction', 'Fantasy', ""Children's fiction"", 'Fantasy fiction', 'Juvenile', 'Magic', 'English literature', '20th century', 'Ficción juvenil', 'Viajes', 'Novela fantástica', 'Lions']",6529226.0,1956,106
"The Lion, the Witch and the Wardrobe",C.S. Lewis,4.0,"Four adventurous siblings—Peter, Susan, Edmund, and Lucy Pevensie—step through a wardrobe door and into the land of Narnia, a land frozen in eternal winter and enslaved by the power of the White Witch. But when almost all hope is lost, the return of the Great Lion, Aslan, signals a great change . . . and a great sacrifice.

Journey into the land beyond the wardrobe! The Lion, the Witch and the Wardrobe is the second book in C. S. Lewis's classic fantasy series, which has been captivating readers of all ages for over sixty years. This is a stand-alone novel, but if you would like journey back to Narnia, read The Horse and His Boy, the third book in The Chronicles of Narnia.
([source][1])


  [1]: http://www.cslewis.com/us/books/hardcover/the-lion-the-witch-and-the-wardrobe/9780060234812/


----------
Also contained in:

 - [Chronicles of Narnia](https://openlibrary.org/works/OL70988W/The_Chronicles_of_Narnia)
 - [Tales of Narnia](https://openlibrary.org/works/OL71080W)",the Blitz,"['the Blitz', 'fauns', 'Turkish Delight', 'lions', 'Classics', 'juvenile works', 'Witches', 'Winter', 'Fiction', 'Leones', 'christianity', 'Brujas', 'Magic', 'Ficción juvenil', 'Novela fantástica', 'open_syllabus_project', 'siblings', 'Fantasy fiction', 'Juvenile fiction', 'Fantasy', 'Fairy tales', 'Lion', 'Children', 'Animals', 'Friendship', ""Children's fiction"", 'Lion, fiction', 'Witches, fiction', 'Short stories', 'Pictorial works', 'Accelerated Reader', '5.8.']",8441376.0,1950,158
Ozma of Oz,L. Frank Baum,4.0,"When a storm blows Dorothy to the land of Ev where lunches grow on trees, she meets the Scarecrow, the Tin Woodman, the Cowardly Lion, and Princess Ozma, and together they set out to free the Queen of Ev and her ten children.",Fantasy,"['Fantasy', ""Children's stories"", 'Juvenile fiction', 'Fairy tales', 'Fantasy fiction', ""Children's fiction""]",12648657.0,1907,701
The War of the Worlds,H. G. Wells,4.0,"The ultimate science fiction classic: for more than one hundred years, this compelling tale of the Martian invasion of Earth has enthralled readers with a combination of imagination and incisive commentary on the imbalance of power that continues to be relevant today. The style is revolutionary for its era, employing a sophisticated first and third person account of the events which is both personal and focused on the holistic downfall of Earth's society. The Martians, as evil, mechanical and unknown a threat they are, remain daunting in today's society, where, despite technology's mammoth advances, humanity's hegemony over Earth is yet to be called into question. In Well's introduction to the book, where the character discusses with the later deceased Ogilvy about astronomy and the possibility of alien life defeating the 'savage' (to them) nineteenth-century Britain, is he insinuating that this is the truth and fate of humanity? It's up to you to decide…",Juvenile fiction,"['Juvenile fiction', 'Space warfare', 'Fiction', 'Diseases', 'Martians', 'Invasions', 'Classic Literature', 'open_syllabus_project', 'Mars (Planet)', 'Science fiction', 'Space vehicles', 'Earth', 'Romance Ingles', ""Children's fiction"", 'Examinations', 'Vocabulary', 'English language', 'Study guides', 'War stories', 'Literature', 'English literature', 'Seres extraterrestres', 'Extraterrestrial beings', 'Ficcion', 'Guerra espacial', 'Human-alien encounters', 'Adaptations', 'Graphic novels', 'War, fiction', 'Guerras imaginarias', 'Novela', 'Guerra', 'Space warfare--fiction', '823.912']",36314.0,0,461
The Time Machine,H. G. Wells,4.0,"The Time Traveller, a dreamer obsessed with traveling through time, builds himself a time machine and, much to his surprise, travels over 800,000 years into the future. He lands in the year 802701: the world has been transformed by a society living in apparent harmony and bliss, but as the Traveler stays in the future he discovers a hidden barbaric and depraved subterranean class. Wells's transparent commentary on the capitalist society was an instant bestseller and launched the time-travel genre.",Fiction,"['Fiction', 'Literature', 'Scientists', 'Classic Literature', 'Space warfare', 'open_syllabus_project', 'Dystopias', 'Time travel', 'Science fiction', 'Juvenile fiction', 'Animal experimentation', 'Graphic novels', 'General', 'Movie novels', ""Children's fiction"", 'Fiction, dystopian', 'Short stories', 'English fiction', 'Texts', 'English literature', 'Coloring books', 'Adaptations', 'Inventors', 'Science-fiction', 'Romans', 'Dictionaries', 'English language', 'Spanish', 'German', 'French', 'Korean', 'Fantasy fiction', 'Fiction, psychological', 'Scientists, fiction', 'Romans, nouvelles', 'Dystopies', 'Novela', 'Ciencia-ficción', 'Distopías', 'Fiction, general']",9009316.0,1895,1151
Prince Caspian,C.S. Lewis,4.0,"In his effort to bring peace to troubled Narnia, Prince Caspian blows his magic horn to summons Peter, Susan, Lucy and Edmond to help him with this difficult task.",Fantasy,"['Fantasy', 'Princes', 'Juvenile fiction', 'Fiction', 'Ships', 'Juvenile', 'Fairy tales', 'Fantasy fiction', ""Children's fiction"", ""Children's stories"", 'Literary recreations', 'Sprookjesfiguren', 'Queesten', 'English fiction', 'Magic', 'Animals', 'Fantastic fiction', 'Ficción juvenil', 'Príncipes', 'Novela fantástica', 'Princesses, fiction', 'Cuentos ingleses', 'Literatura inglesa', 'Fantasía', 'Fantasmes']",45897.0,1951,146
Adventures of Huckleberry Finn,Mark Twain,4.0,"Adventures of Huckleberry Finn or as it is known in more recent editions, The Adventures of Huckleberry Finn, is a novel by American author Mark Twain, which was first published in the United Kingdom in December 1884 and in the United States in February 1885.

Commonly named among the Great American Novels, the work is among the first in major American literature to be written throughout in vernacular English, characterized by local color regionalism. It is told in the first person by Huckleberry ""Huck"" Finn, the narrator of two other Twain novels (Tom Sawyer Abroad and Tom Sawyer, Detective) and a friend of Tom Sawyer. It is a direct sequel to The Adventures of Tom Sawyer.",Adventure stories,"['Adventure stories', 'American literature', 'Boys', ""Children's fiction"", 'child witnesses', 'Courtship', 'English language', 'friendship', 'Fugitive slaves', 'history', 'humor', 'Humorous stories', 'Juvenile fiction', 'juvenile literature', 'literature', 'Loyalty', 'Male friendship', 'orphans', 'Personnages', 'Race relations', 'rafting', 'Rafting (Sports)', 'Revenge', 'Runaway children', 'Runaways', 'runaway teenagers', 'satire', 'Sisters', 'slavery', 'Slaves', 'Social classes', 'Travel', 'Voyage', 'young men', 'Young women', 'American manuscripts', 'amitie masculine', 'Anglais (langue)', 'Dictionaries', 'Dummies (Bookselling)', 'enfants fugueurs', 'esclaves fugitifs', 'Examinations', 'Facsimiles', 'Foreign speakers', 'garcons', 'Garçons', 'Literary Criticism', 'Manuscripts', 'open_syllabus_project', 'Readers', 'relations raciales', 'Romans', 'Specimens', 'Study guides', 'Fiction', 'Voyages', 'Amitié', 'Histoire', 'Fiction, general', 'Missouri, fiction', 'Slavery, fiction', 'Romans, nouvelles', 'Friendship, fiction', 'Boys, fiction', ""Children's literature"", 'American fiction', 'Roman américain', 'Amitié masculine', 'Classes sociales', 'Jeunes femmes', 'Amours', 'Sœurs', 'Humorous', 'Mississippi, fiction', 'Finn, huckleberry', 'Runaway children--fiction', 'Male friendship--fiction', 'Fugitive slaves--fiction', 'Race relations--fiction', 'Boys--fiction', '813/.4', 'Boys--travel', 'Boys--travel--mississippi river--fiction', 'Boys--missouri--fiction', 'In literature', 'Spanish', 'French', 'Huckleberry finn', 'Slaves, fiction', 'Fiction, humorous', 'Fiction, historical', 'Aventuras-', 'Novelas-', 'Libros infantiles', 'Abenturak-', 'Eleberriak-', 'Library', 'Personal copy', 'Historical fiction', 'African Americans', 'Adventure fiction', 'Missouri Hannibal', 'Mississippi River']",8157718.0,1876,2552
The Handmaid's Tale,Margaret Atwood,4.0,"The Handmaid's Tale is a dystopian novel by Canadian author Margaret Atwood, published in 1985. It is set in a near-future New England, in a strongly patriarchal, totalitarian theonomic state, known as the Republic of Gilead, which has overthrown the United States government. The central character and narrator is a woman named Offred, one of the group known as ""handmaids"", who are forcibly assigned to produce children for the ""commanders"" — the ruling class of men in Gilead.

The novel explores themes of subjugated women in a patriarchal society, loss of female agency and individuality, and the various means by which they resist and attempt to gain individuality and independence.

The Handmaid's Tale won the 1985 Governor General's Award and the first Arthur C. Clarke Award in 1987; it was also nominated for the 1986 Nebula Award, the 1986 Booker Prize, and the 1987 Prometheus Award.


----------
Also contained in:
[Novels](https://openlibrary.org/works/OL24301311W)",brothels,"['brothels', 'Canadian authors', 'Christian fundamentalism', 'Dystopian fiction', 'Dystopias', 'fantasy fiction', 'Fiction', 'Fiction, dystopian', 'handmaids', 'Man-woman relationships', 'military dictatorship', 'Misogyny', 'nyt:e-book-fiction=2017-01-22', 'nyt:trade-fiction-paperback=2017-02-26', 'Old Testament', 'Political', 'political fiction', 'pregnancy', 'religious fanaticism', 'revolution', 'science fiction', 'Scrabble', 'Social aspects', 'theocracy', 'theonomy', 'totalitarianism', 'Women', 'Study guides', 'Misogynie', 'collectionID:EanesChallenge', 'Romans, nouvelles', 'Femmes', 'collectionID:ConroeChallenge', 'Teen fiction', 'World literature', 'Fiction subjects', 'Dystopian', 'Foreign relations', 'Neutrality']",8231851.0,1985,147
The Silver Chair,C.S. Lewis,4.0,Jill and Eustace must rescue the Prince from the evil Witch.,Fiction,"['Fiction', 'Juvenile Fiction', 'Imaginary Voyages', 'Magic', 'Princes', 'Fantasy fiction', 'Captives', 'Brujas', 'Viajes', 'Novela fantástica', 'Adventure fiction', 'Witches', 'Novela juvenil', 'Spanish language', 'Príncipes', 'Fantasy', ""Children's fiction"", 'Princesses, fiction']",6950992.0,1953,118
Brood of the Witch-Queen,Sax Rohmer,4.0,"Prefatory Notice

The strange deeds of Antony Ferrara, as herein related, are intended to illustrate certain phases of Sorcery as it was formerly practised (according to numerous records) not only in Ancient Egypt but also in Europe during the Middle Ages. In no case do the powers attributed to him exceed those which are claimed for a fully equipped Adept.
      S.R.
~",Fantasy,"['Fantasy', 'Fiction', 'Horror', 'Witches', 'Magic', 'Ancient Egypt', 'Fiction, horror', 'Fiction, general']",2011286.0,1924,111
The Picture of Dorian Gray,Oscar Wilde,4.0,"**The Picture of Dorian Gray** is a philosophical novel by Irish writer Oscar Wilde. A shorter novella-length version was published in the July 1890 issue of the American periodical *Lippincott’s Monthly Magazine*. The novel-length version was published in April 1891.

(Source: [Wikipedia](https://en.wikipedia.org/wiki/The_Picture_of_Dorian_Gray))",Fantasy fiction,"['Fantasy fiction', ""Children's fiction"", 'Appearance (Philosophy)', 'Fiction', 'Youthfulness', 'Portraits', 'Apparence (Philosophie)', 'Romans, nouvelles', 'Morale pratique', 'Juvénilité', 'General', 'Horror', 'Education', 'English literature', 'England, fiction', 'Fiction, general', 'Future life', 'Soul', 'Paranormal fiction', 'Fiction, psychological', 'Didactic fiction', 'Fiction, historical', 'LGBTQ novels', 'Classics', 'European', 'Hedonism', 'Classic fiction', 'Men', 'Man-woman relationships', 'Influence (Psychology)', 'Novela didáctica', 'Novela psicología', 'Fiction, horror', 'Painting, fiction', 'Readers', 'Immortality', 'Aging', 'Gothic fiction', 'English fiction', 'Le livre.', 'Supernatural', 'History', 'Appearance (philosophy)--fiction', 'Portraits--fiction', '823/.8']",14314858.0,1890,2297
The Lord of the Rings,J.R.R. Tolkien,4.0,"Originally published from 1954 through 1956, J.R.R. Tolkien's richly complex series ushered in a new age of epic adventure storytelling. A philologist and illustrator who took inspiration from his work, Tolkien invented the modern heroic quest novel from the ground up, creating not just a world, but a domain, not just a lexicon, but a language, that would spawn countless imitators and lead to the inception of the epic fantasy genre. Today, THE LORD OF THE RINGS is considered ""the most influential fantasy novel ever written."" (THE ENCYCLOPEDIA OF FANTASY)

During his travels across Middle-earth, the hobbit Bilbo Baggins had found the Ring. But the simple band of gold was far from ordinary; it was in fact the One Ring - the greatest of the ancient Rings of Power. Sauron, the Dark Lord, had infused it with his own evil magic, and when it was lost, he was forced to flee into hiding.

But now Sauron's exile has ended and his power is spreading anew, fueled by the knowledge that his treasure has been found. He has gathered all the Great Rings to him, and will stop at nothing to reclaim the One that will complete his dominion. The only way to stop him is to cast the Ruling Ring deep into the Fire-Mountain at the heart of the land of Mordor--Sauron's dark realm.

Fate has placed the burden in the hands of Frodo Baggins, Bilbo's heir...and he is resolved to bear it to its end. Or his own. 


----------


**Contains**

 - [The Fellowship of the Ring][1]
 - [The Two Towers][2]
 - [The Return of the King][3]
 - [The Lord of the Rings [2/2]](https://openlibrary.org/works/OL27306128W)
 - [The Lord of the Rings [1/6]](https://openlibrary.org/works/OL24170898W)
 - [The Lord of the Rings [1/9]](https://openlibrary.org/works/OL27305953W)
 - [The Lord of the Rings [2/9]](https://openlibrary.org/works/OL27305892W)
 - [The Lord of the Rings [3/9]](https://openlibrary.org/works/OL27306048W)



  [1]: https://openlibrary.org/works/OL14933414W/The_Fellowship_of_the_Ring
  [2]: https://openlibrary.org/works/OL27479W/The_Two_Towers
  [3]: https://openlibrary.org/works/OL27516W/The_Return_of_the_King",Fiction,"['Fiction', 'Ficción', 'Fantasy fiction', 'English literature', 'English language', 'Gift books', 'Quests (Expeditions)', 'Wizards', 'Romans, nouvelles', 'Quête', 'Baggins, frodo', '823/.912']",14625765.0,1954,251
The Mysterious Affair at Styles,Agatha Christie,4.0,"Set in the summer of 1917 in an Essex country estate, the story follows the war-wounded Captain Arthur Hastings to the Styles St. Mary manor of his friend John Cavendish. The Cavendish household is wrought with tension due to the marriage of John's widowed old aunt Emily, she of a sizeable fortune, to a suspicious younger man, Alfred Inglethorp, twenty years her junior. Emily's two stepsons, John and Lawrence Cavendish, as well as John's wife Mary and several other people, also live at Styles. Late one night, the residents of Styles wake to find Emily Inglethorp dying. When Emily's sudden heart attack is found to be attributable to strychnine, Hastings, who had runs into his old friend, the Belgian Hercule Poirot, he recruits him to aid in the local investigation. With impeccable timing, Hercule Poirot, the insightful retired detective, makes his dramatic entrance to solve a most baffling case.

Who poisoned the wealthy Emily Inglethorpe, and how did the murderer penetrate and escape from her locked bedroom? Suspects abound in the quaint village of Styles St. Mary--from the heiress's fawning new husband to her two stepsons, her volatile housekeeper, and a pretty nurse who works in a hospital dispensary. On the day she was killed, Emily Inglethorp was overheard arguing with someone, most likely her husband, Alfred, or her stepson, John. Afterwards, she seemed quite distressed and, apparently, made a new will--which no one can find. Nobody can explain how or when the strychnine was administered to Mrs. Inglethorp. High on Poirot's list of suspects are: John Cavendish, the elder stepson; Mary Cavendish, his wife; Lawrence Cavendish, the younger stepson; Evelyn Howard, Mrs. Inglethorpe's companion; Cynthia Murdoch, her protegee; and Dr. Bauerstein, a mysterious stranger who lives in Essex. All have motive and opportunity but only Poirot can discover the truth.",Fiction,"['Fiction', 'Mystery', 'Crime Fiction', 'Mystery Thriller', 'Thriller', 'Adult', 'Classic Literature', 'British Literature', 'Private investigators', 'English Detectives', 'Murder', 'Investigation', 'England, fiction', 'English literature', 'Crime', 'Fiction, general', 'Belgians']",13699667.0,1920,1017
The Horse and His Boy,C.S. Lewis,4.0,A boy and a talking horse share an adventurous and dangerous journey to Narnia to warn of invading barbarians.,Fantasy,"['Fantasy', ""Children's fiction"", 'Allegory', 'Aventures', 'Magie', 'Chevaux', 'Roman fantastique', 'Fantasy fiction', 'Horses, fiction', 'Horses', 'Juvenile fiction', 'Fairy tales', 'Fiction', 'Fantastic fiction', 'English literature', 'Juvenile literature', 'Fantasía', 'Magic', 'Adventure stories', 'Boys, fiction', 'Ficción juvenil', 'Novela fantástica', 'Fiction, general', 'Fantasy stories']",9184792.0,1954,169
The Voyage of the Dawn Treader,C.S. Lewis,4.0,"Lucy, Edmund, and their cousin travel back to Narnia through a painting where they board a ship named ""The Dawn Treader."" They find King Caspian and a mouse on the ship and they find mystical creatures and go on a mission that will decide Narnia's fate!",Narnia,"['Narnia', ""Children's fiction"", 'Fantasy fiction', 'Fantasy', 'Allegory', 'Fiction', 'Juvenile fiction', 'Ficción juvenil', 'Viajes', 'Novela fantástica', ""Children's stories"", 'Merveilleux', 'Romans', 'Selfishness', 'Ships', 'Adventure stories', 'Magic', 'Witches', 'Fairy tales']",9184719.0,1952,100
A Connecticut Yankee in King Arthur's Court,Mark Twain,4.0,"A blow on the head transports a Yankee to 528 A.D. where he proceeds to modernize King Arthur's kingdom by organizing a school system, constructing telephone lines, and inventing the printing press.",Time travel,"['Time travel', 'Fiction', 'Arthurian romances', 'Adaptations', 'Americans', 'Britons', 'England, fiction', 'Fiction, humorous', 'Fiction, satire', 'Middle Ages', 'Medievalism', 'History', 'Juvenile fiction', 'Travel', 'King Arthur', ""Children's fiction"", 'Fantasy fiction', 'Satire', 'Dictionaries', 'English language', 'German', 'Moyen Âge', 'Romans, nouvelles', 'literature']",9168732.0,1889,788
The Lost World,Arthur Conan Doyle,4.0,"Journalist Ed Malone is looking for an adventure, and that's exactly what he finds when he meets the eccentric Professor Challenger - an adventure that leads Malone and his three companions deep into the Amazon jungle, to a lost world where dinosaurs roam free.",Adventure stories,"['Adventure stories', 'Atlantis', 'Dinosaurs', 'Fiction', 'Prehistoric peoples', 'Scientific expeditions', 'Science fiction', 'Fantasy', ""Children's fiction"", 'Dinosaurs, fiction', 'Public libraries', 'Activity programs', 'Reading promotion', 'Youth', 'Children', 'Scientists, fiction', 'English literature', 'Romans, nouvelles', 'Dinosaures', 'Novela', 'Pueblos prehistóricos', 'Dinosaurios', 'Fiction, general', 'Fantasy fiction', 'South America']",8231444.0,1900,747
The Magician's Nephew,C.S. Lewis,4.0,"Digory let out a scream. “What's happened to Polly?” “Congratulate me, my dear boy,” said Uncle Andrew, rubbing his hands. “My experiment has succeeded. The little girl's gone – vanished – right out of this world.” When Digory and Polly discover Uncle Andrew's secret workshop, they are tricked into touching some magic rings that take them right out of this world. But even Uncle Andrew doesn't realise the wonders that lie ahead as they discover the gateway to the magical land of Narnia, where many thrilling adventures await them.",Fantasy,"['Fantasy', 'Juvenile fiction', 'Fiction', 'Fairy tales', 'Reading list', 'Magic', 'Fantasy fiction', 'Armstrong Elementary', '4th grade', 'St. Marks', 'Witches', 'Imaginary Voyages', ""Children's fiction"", 'Magic, fiction', 'Friendship, fiction', 'Witches, fiction', 'Fiction, general', 'Magicians', 'Christian fiction']",1072931.0,1955,163
Harry Potter and the Half-Blood Prince,J. K. Rowling,4.0,"One summer night, when Dumbledore arrives at Privet Drive to collect Harry Potter, his wand hand is blackened and shriveled, but he will not reveal why.

Rumours and suspicion spread through the wizarding world – it feels as if even Hogwarts itself might be under threat.

Harry is convinced that Malfoy bears the Dark Mark: could there be a Death Eater amongst them?

He will need powerful magic and true friends as, with the help of Dumbledore, he investigates Voldemort’s darkest secrets.

([source][2])

Preceded by: [Harry Potter and the Order of the Phoenix][1]
Followed by: [Harry Potter and the Deathly Hallows][3]


----------
Contains:
[Harry Potter and the Half-Blood Prince [3/4]](https://openlibrary.org/works/OL27299760W)
[Harry Potter and the Half-Blood Prince [4/4]](https://openlibrary.org/works/OL27294904W)

  [1]: https://openlibrary.org/works/OL13716955W/Harry_Potter_and_the_Order_of_the_Phoenix
  [2]: https://www.jkrowling.com/book/harry-potter-half-blood-prince/
  [3]: https://openlibrary.org/works/OL82586W/Harry_Potter_and_the_Deathly_Hallows",orphans,"['orphans', 'foster homes', 'romans', 'magie', 'adolescence', 'Fiction', 'Juvenile fiction', 'Magic', 'Schools', 'Witches', 'Wizards', 'Fantasy fiction', 'nyt:series_books=2006-07-15', 'nyt:series_books=2006-09-16', 'Sorciers', 'Roman fantastique', 'Merveilleux', 'Magos', 'Magia', 'Ficción juvenil', 'Escuelas', 'Novela fantástica', 'England', 'School stories', 'Family', 'Social Themes', 'Fantasy', 'Friendship', 'England, fiction', 'Magic, fiction', 'Schools, fiction', ""Children's fiction"", 'Wizards, fiction', 'Fantasiewelt', 'Phantastische Literatur', 'Englisch', 'Warlocks', 'Magiciens', 'Écoles', 'Bildungsromans']",10716273.0,2005,137
The Wonderful Wizard of Oz,L. Frank Baum,4.0,"Over a century after its initial publication, The Wonderful Wizard of Oz is still captivating the hearts of countless readers. Come adventure with Dorothy and her three friends: the Scarecrow, the Tin Woodman, and the Cowardly Lion, as they follow the Yellow Brick Road to the Emerald City for an audience with the Great Oz, the mightiest Wizard in the land, and the only one that can return Dorothy to her home in Kansas.",Witches,"['Witches', 'Fiction', 'Wizards', 'Juvenile literature', 'Specimens', 'Classic Literature', 'Imaginary Voyages', ""Children's stories"", 'History', 'Juvenile fiction', 'Fairy tales', 'Children', 'Contes americains', 'Fantasy', 'Fantasy fiction', 'Fantastic fiction', 'Novela fantástica', 'Fantasía', 'Teenage girls', 'Quests (Expeditions)', ""Children's fiction"", 'Wizards, fiction', 'Classics', 'American literature', 'Friendship', 'Courage', 'Adventure stories', ""Children's literature"", 'General', 'Contes américains', 'Contes', 'Tong hua', 'Ying yu', 'Han yu', 'Pictorial works', 'Robots, fiction', 'Science fiction', 'Fiction, general', 'Film adaptations', 'Fantasy literature', 'Witches, fiction', 'Friendship, fiction', 'Picture books', 'Fables', 'Juvenile drama', 'Drama', 'Illustrations']",552443.0,1899,2052
The Science Fiction Hall of Fame -- Volume One,Robert Silverberg,4.0,The greatest science fiction stories of all time chosen by the members of the Science Fiction Writers of America.,Science fiction,['Science fiction'],6941459.0,1970,31
Foundation,Isaac Asimov,4.0,"One of the great masterworks of science fiction, the Foundation novels of Isaac Asimov are unsurpassed for their unique blend of nonstop action, daring ideas, and extensive world-building. 

The story of our future begins with the history of Foundation and its greatest psychohistorian: Hari Seldon.  For twelve thousand years the Galactic Empire has ruled supreme. Now it is dying.  Only Hari Seldon, creator of the revolutionary science of psychohistory, can see into the future--a dark age of ignorance, barbarism, and warfare that will last thirty thousand years. To preserve knowledge and save mankind, Seldon gathers the best minds in the Empire--both scientists and scholars--and brings them to a bleak planet at the edge of the Galaxy to serve as a beacon of hope for future generations. He calls his sanctuary the Foundation.

But soon the fledgling Foundation finds itself at the mercy of corrupt warlords rising in the wake of the receding Empire. And mankind's last best hope is faced with an agonizing choice: submit to the barbarians and live as slaves--or take a stand for freedom and risk total destruction.",Psychohistory,"['Psychohistory', 'Fiction', 'Science Fiction', 'Prophecy', 'Historians', 'Robots', 'American literature', 'Vie extraterrestre', 'Romans, nouvelles', 'Psychohistoire', 'Psychological fiction']",14612610.0,1951,97
The Last Man,Mary Shelley,4.0,"Mary Shelley, the author of [*Frankenstein*][1], wrote the apocalyptic novel The Last Man in 1826. Its first person narrative tells the story of our world standing at the end of the twenty-first century and - after the devastating effects of a plague - at the end of humanity. In the book Shelley writes of weaving this story from a discovery of prophetic writings uncovered in a cave near Naples. The Last Man was made into a 2008 film.


  [1]: http://openlibrary.org/works/OL450125W/Frankenstein",Fiction,"['Fiction', 'Plague', 'Twenty-first century', 'English literature']",882662.0,1826,384
The Time Machine,H. G. Wells,4.0,"The Time Traveller, a dreamer obsessed with traveling through time, builds himself a time machine and, much to his surprise, travels over 800,000 years into the future. He lands in the year 802701: the world has been transformed by a society living in apparent harmony and bliss, but as the Traveler stays in the future he discovers a hidden barbaric and depraved subterranean class. Wells's transparent commentary on the capitalist society was an instant bestseller and launched the time-travel genre.",Fiction,"['Fiction', 'Literature', 'Scientists', 'Classic Literature', 'Space warfare', 'open_syllabus_project', 'Dystopias', 'Time travel', 'Science fiction', 'Juvenile fiction', 'Animal experimentation', 'Graphic novels', 'General', 'Movie novels', ""Children's fiction"", 'Fiction, dystopian', 'Short stories', 'English fiction', 'Texts', 'English literature', 'Coloring books', 'Adaptations', 'Inventors', 'Science-fiction', 'Romans', 'Dictionaries', 'English language', 'Spanish', 'German', 'French', 'Korean', 'Fantasy fiction', 'Fiction, psychological', 'Scientists, fiction', 'Romans, nouvelles', 'Dystopies', 'Novela', 'Ciencia-ficción', 'Distopías', 'Fiction, general']",9009316.0,1895,1151
The Invisible Man,H. G. Wells,4.0,"This book is the story of Griffin, a scientist who creates a serum to render himself invisible, and his descent into madness that follows.",Ciencia-ficción,"['Ciencia-ficción', 'Classic Literature', 'Fiction', 'Mentally ill', 'Science fiction', 'Scientists', 'Experiments', 'Adaptations', 'Time travel', 'England, fiction', 'Scientists, fiction', ""Children's fiction"", 'English literature', 'Juvenile fiction', 'Science', 'Animal experimentation', 'English language', 'French', 'Korean', 'German', 'Fiction, general', 'Spanish language', 'Readers', 'Horror tales', 'Psychological fiction']",6419199.0,0,563
Dune,Frank Herbert,4.0,"Set on the desert planet Arrakis, Dune is the story of the boy Paul Atreides, heir to a noble family tasked with ruling an inhospitable world where the only thing of value is the ""spice"" melange, a drug capable of extending life and enhancing consciousness. Coveted across the known universe, melange is a prize worth killing for...

When House Atreides is betrayed, the destruction of Paul's family will set the boy on a journey toward a destiny greater than he could ever have imagined. And as he evolves into the mysterious man known as Muad'Dib, he will bring to fruition humankind's most ancient and unattainable dream.

A stunning blend of adventure and mysticism, environmentalism and politics, Dune won the first Nebula Award, shared the Hugo Award, and formed the basis of what is undoubtedly the grandest epic in science fiction.",Fiction,"['Fiction', 'Science fiction', 'Science-fiction', 'American literature', 'nyt:mass-market-monthly=2021-11-07', 'award:nebula_award=novel', 'nyt:trade-fiction-paperback=2021-11-07', 'award:hugo_award=1966', 'award:hugo_award=novel', 'Ecology', 'Fantasy fiction']",11481354.0,1965,116
Мы,Евгений Иванович Замятин,4.0,"Wikipedia

We is set in the future. D-503, a spacecraft engineer, lives in the One State, an urban nation constructed almost entirely of glass, which assists mass surveillance. The structure of the state is Panopticon-like, and life is scientifically managed F. W. Taylor-style. People march in step with each other and are uniformed. There is no way of referring to people except by their given numbers. The society is run strictly by logic or reason as the primary justification for the laws or the construct of the society. The individual's behavior is based on logic by way of formulas and equations outlined by the One State.

We is a dystopian novel completed in 1921. It was written in response to the author's personal experiences with the Russian revolutions of 1905 and 1917, his life in the Newcastle suburb of Jesmond and work in the Tyne shipyards at nearby Wallsend during the First World War. It was at Tyneside that he observed the rationalization of labor on a large scale.",Literature: Texts,"['Literature: Texts', 'Literary Criticism', 'Fiction, dystopian', 'Classic Literature', 'Fiction', 'Science Fiction', 'Political fiction', 'Dystopias', 'Russian fiction', 'Russian prose', 'totalitarianism', 'Russian satire', 'dystopia', 'Authoritarianism', 'Modern fiction', 'Literary', 'Corrupt practices', 'Political science', 'Electronic surveillance', 'Fiction, general', 'Biography', 'Group identity', 'Satire, russian', '891.73/42', 'Utopias']",5484189.0,1924,209
Great Sf Heinlein Bxs,Robert A. Heinlein,4.0,,award:hugo_award=1962,"['award:hugo_award=1962', 'award:hugo_award=novel']",,1980,2
Cryptonomicon,Neal Stephenson,4.0,"Neal Stephenson hacks into the secret histories of nations and the private obsessions of men, decrypting with dazzling virtuosity the forces that shaped this century.

In 1942, Lawrence Pritchard Waterhouse - mathematical genius and young Captain in the US Navy - is assigned to Detachment 2702. It is an outfit so secret that only a handful of people know it exists, and some of those people have names like Churchill and Roosevelt. The mission of Watrehouse and Detachment 2702 - commanded by Marine Raider Bobby Shaftoe - is to keep the Nazis ignorant of the fact that Allied Intelligence has cracked the enemy's fabled Enigma code. It is a game, a cryptographic chess match between Waterhouse and his German counterpart, translated into action by the gung-ho Shaftoe and his forces. 

Fast-forward to the present, where Waterhouse's crypto-hacker grandson, Randy, is attempting to create a ""data haven"" in Southeast Asia - a place where encrypted data can be stored and exchanged free of repression and scrutiny. As governments and multinationals attack the endeavor, Randy joins forces with Shaftoe's tough-as-nails granddaughter, Amy, to secretly salvage a sunken Nazi submarine that holds the key to keeping the dream of a data haven afloat.

But soon their scheme brings to light a massive conspiracy, with its roots in Detachment 2702, linked to an unbreakable Nazi code called Arethusa. And it will represent the path to unimaginable riches and a future of personal and digital liberty...or to universal totalitarianism reborn. 

A breathtaking tour de force, and Neal Stephenson's most accomplished and affecting work to date, Cryptonomicon is profound and prophetic, hypnotic and hyper-driven, as it leaps forward and back between World War II and the World Wide Web, hinting all the while at a dark day-after-tomorrow. It is a work of great art, thought, and creative daring.",Fiction,"['Fiction', 'Cryptography', 'Literature', 'Science Fiction', 'Fiction, technological', 'Fiction, thrillers', 'Fiction, historical', 'Fiction, espionage']",6424001.0,1999,35
The War of the Worlds,H. G. Wells,4.0,"The ultimate science fiction classic: for more than one hundred years, this compelling tale of the Martian invasion of Earth has enthralled readers with a combination of imagination and incisive commentary on the imbalance of power that continues to be relevant today. The style is revolutionary for its era, employing a sophisticated first and third person account of the events which is both personal and focused on the holistic downfall of Earth's society. The Martians, as evil, mechanical and unknown a threat they are, remain daunting in today's society, where, despite technology's mammoth advances, humanity's hegemony over Earth is yet to be called into question. In Well's introduction to the book, where the character discusses with the later deceased Ogilvy about astronomy and the possibility of alien life defeating the 'savage' (to them) nineteenth-century Britain, is he insinuating that this is the truth and fate of humanity? It's up to you to decide…",Juvenile fiction,"['Juvenile fiction', 'Space warfare', 'Fiction', 'Diseases', 'Martians', 'Invasions', 'Classic Literature', 'open_syllabus_project', 'Mars (Planet)', 'Science fiction', 'Space vehicles', 'Earth', 'Romance Ingles', ""Children's fiction"", 'Examinations', 'Vocabulary', 'English language', 'Study guides', 'War stories', 'Literature', 'English literature', 'Seres extraterrestres', 'Extraterrestrial beings', 'Ficcion', 'Guerra espacial', 'Human-alien encounters', 'Adaptations', 'Graphic novels', 'War, fiction', 'Guerras imaginarias', 'Novela', 'Guerra', 'Space warfare--fiction', '823.912']",36314.0,0,461
Ubik,Philip K. Dick,4.0,"Named one of Time's 100 Best Books, Ubik is a mind-bending, classic novel about the perception of reality from Philip K. Dick, the Hugo Award-winning author of The Man in the High Castle. “From the stuff of space opera, Dick spins a deeply unsettling existential horror story, a nightmare you’ll never be sure you’ve woken up from.”—Lev Grossman, Time Glen Runciter runs a lucrative business — deploying his teams of anti-psychics to corporate clients who want privacy and security from psychic spies. But when he and his top team are ambushed by a rival, he is gravely injured and placed in “half-life,” a dreamlike state of suspended animation. Soon, though, the surviving members of the team begin experiencing some strange phenomena, such as Runciter’s face appearing on coins and the world seeming to move backward in time. As consumables deteriorate and technology gets ever more primitive, the group needs to find out what is causing the shifts and what a mysterious product called Ubik has to do with it all. “More brilliant than similar experiments conducted by Pynchon or DeLillo.”—Roberto Bolaño",Fiction,"['Fiction', 'Death', 'Businessmen', 'Explosions', 'Science Fiction', 'Iowa, fiction', 'Fiction, humorous', 'Murder victims', 'Terrorism', 'Death--fiction', 'Businessmen--fiction', 'Explosions--fiction', '813/.54', 'Time']",5018327.0,1969,68
Wild seed,Octavia E. Butler,4.0,"Doro is an entity who changes bodies like clothes, killing his hosts by reflex--or design. He fears no one--until he meets Anyanwu. Anyanwu has also died many times. She can absorb bullets and make medicine with a kiss, give birth to tribes, nurture and heal, and savage anyone who threatens those she loves. She fears no one--until she meets Doro. From African jungles to the colonies of America, Doro and Anyanwu weave together a pattern of destiny that not even immortals can imagine.",Fiction,"['Fiction', 'Sex role', 'Women healers', 'Gender identity', '1000blackgirlbooks', 'Love stories', 'Science fiction', 'Fiction, general', 'American literature']",288149.0,1980,17
The Illustrated Man,Ray Bradbury,4.0,The Illustrated Man is a 1951 collection of eighteen science fiction short stories by American writer Ray Bradbury. A recurring theme throughout the eighteen stories is the conflict of the cold mechanics of technology and the psychology of people. It was nominated for the International Fantasy Award in 1952.,Science fiction,"['Science fiction', 'Tattooing', 'Magic', 'Storytelling', 'Fiction', 'Prejudice', 'Invasion', 'Space colonies', 'Space flight', 'Children', 'Short stories', 'Nouvelles américaines']",9345484.0,1901,77
The Martian Chronicles,Ray Bradbury,4.0,"This is a collection of science fiction short stories, cleverly cobbled together to form a coherent and very readable novel about a future colonization of Mars. As the stories progress chronologically the author tells how the first humans colonized Mars, initially sharing the planet with a handful of Martians. When Earth is devastated by nuclear war the colony is left to fend for itself and the colonists determine to build a new Earth on Mars.",Ciencia-ficción,"['Ciencia-ficción', 'Drama', 'Ficción', 'Fiction', 'Interplanetary voyages', 'Bibliography', 'Science fiction', 'Space colonies', 'Ameerika']",9346537.0,1950,137
Second Foundation,Isaac Asimov,4.0,"After years of struggle, the Foundation lay in ruins -- destroyed by the mutant mind power of the Mule. But it was rumored that there was a Second Foundation hidden somewhere at the end of the Galaxy, established to preserve the knowledge of mankind through the long centuries of barbarism. The Mule had failed to find it the first time -- but now he was certain he knew where it lay.

The fate of the Foundation rests on young Arkady Darell, only fourteen years old and burdened with a terrible secret. As its scientists girded for a final showdown with the Mule, the survivors of the First Foundation began their desperate search. They too wanted the Second Foundation destroyed... before it destroyed them.",Fiction,"['Fiction', 'Psychohistory', 'Science fiction', 'American literature', 'Psychological fiction', 'Vie extraterrestre', 'Romans, nouvelles', 'Psychohistoire']",9261324.0,1953,79
Flatland,Edwin Abbott Abbott,4.0,"Flatland: A Romance of Many Dimensions, though written in 1884, is still considered useful in thinking about multiple dimensions. It is also seen as a satirical depiction of Victorian society and its hierarchies. A square, who is a resident of the two-dimensional Flatland, dreams of the one-dimensional Lineland. He attempts to convince the monarch of Lineland of the possibility of another dimension, but the monarch cannot see outside the line. The square is then visited himself by a Sphere from three-dimensional Spaceland, who must show the square Spaceland before he can conceive it. As more dimensions enter the scene, the story's discussion of fixed thought and the kind of inhuman action which accompanies it intensifies.",Fourth dimension,"['Fourth dimension', 'Fiction, general', 'Denkbeeldige landen', 'Meetkunde', 'Science Fiction', 'Geometry', 'Film adaptations', 'Fiction', 'Imaginary places', 'Historical Fiction', 'Mathematics', 'Classic Literature', 'Specimens', 'Dimension 4.', 'Readers (Secondary)', 'Examinations', 'Vocabulary tests', 'Study guides', 'English language', 'England, fiction', 'Spirituality', 'Spiritual life', 'Sphere', 'Expanding universe', 'Drama', 'Utopias', 'homeschool curriculum', 'learn math', 'Physics', 'World literature', 'Fiction subjects']",10069547.0,1884,544
The language of the night,Ursula K. Le Guin,4.0,"A collection of twenty-four essays concerned with writing in general, the field of fantasy and science fiction, and with the author's own writing.",Fantasy fiction,"['Fantasy fiction', 'Science fiction', 'Fantastic fiction']",4437200.0,1979,16
Ficciones,Jorge Luis Borges,4.0,"A collection of his short stories in which Borges often uses the labyrinth as a literary device to expound his ideas on all aspects of human life and endeavor.


----------
Contains:
[Tlön, Uqbar, Orbis Tertius](https://openlibrary.org/works/OL444914W)",Anachronisms,"['Anachronisms', 'speculative fiction', 'subjective idealism', 'duodecimals', 'aneurysms', 'adjectives', 'hermeticism', 'philanthropy', 'cabala', 'persecution', 'Readers', 'Spanish language', 'Fiction', 'Spanish fiction', 'Modern fiction', 'Literary Criticism', 'General', 'Romance literature', 'CUENTOS ARGENTINOS', 'Nouvelles argentines', 'Novela', 'Short stories']",10832290.0,1945,78
Fahrenheit 451,Ray Bradbury,4.0,"Fahrenheit 451 is a 1953 dystopian novel by American writer Ray Bradbury. Often regarded as one of his best works, the novel presents a future American society where books are outlawed and ""firemen"" burn any that are found. The book's tagline explains the title as ""'the temperature at which book paper catches fire, and burns"": the autoignition temperature of paper. The lead character, Guy Montag, is a fireman who becomes disillusioned with his role of censoring literature and destroying knowledge, eventually quitting his job and committing himself to the preservation of literary and cultural writings.

The novel has been the subject of interpretations focusing on the historical role of book burning in suppressing dissenting ideas for change. In a 1956 radio interview, Bradbury said that he wrote Fahrenheit 451 because of his concerns at the time (during the McCarthy era) about the threat of book burning in the United States. In later years, he described the book as a commentary on how mass media reduces interest in reading literature.

In 1954, Fahrenheit 451 won the American Academy of Arts and Letters Award in Literature and the Commonwealth Club of California Gold Medal. It later won the Prometheus ""Hall of Fame"" Award in 1984 and a ""Retro"" Hugo Award, one of a limited number of Best Novel Retro Hugos ever given, in 2004. Bradbury was honored with a Spoken Word Grammy nomination for his 1976 audiobook version.


----------
Also contained in:

 - [451° по Фаренгейту: Рассказы](https://openlibrary.org/works/OL17811384W/Fahrenheit_451_stories)
 - [451° по Фаренгейту: повести и рассказы](https://openlibrary.org/works/OL27741633W)
 - [Works](https://openlibrary.org/works/OL28185143W)",Mechanical Hound,"['Mechanical Hound', 'Terrorismo estatal', 'Censura', 'Novela', 'Totalitarismo', 'science fiction', 'political fiction', 'satire', 'Zukunft', 'State-sponsored terrorism', 'Totalitarianism', 'Book burning', 'Censorship', 'Fiction', 'Fictional Works', 'Terrorism', 'Fiction, dystopian', 'Fiction, political', 'Drama', 'American literature', 'award:retro_hugo', 'Terrorismo', 'Totalitarianisms', 'Bücherverbrennung', ""Terrorisme d'État"", 'Romans, nouvelles', 'Totalitarisme', 'Education', 'Language arts', 'Fiction, horror', 'Book burning--fiction', 'Censorship--fiction', 'State-sponsored terrorism--fiction', 'Totalitarianism--fiction', '813/.54']",12993656.0,1953,255
The First Men in the Moon,H. G. Wells,4.0,"When penniless businessman Mr Bedford retreats to the Kent coast to write a play, he meets by chance the brilliant Dr Cavor, an absent-minded scientist on the brink of developing a material that blocks gravity. Cavor soon succeeds in his experiments, only to tell a stunned Bedford the invention makes possible one of the oldest dreams of humanity: a journey to the moon. With Bedford motivated by money, and Cavor by the desire for knowledge, the two embark on the expedition. But neither are prepared for what they find - a world of freezing nights, boiling days and sinister alien life, on which they may be trapped forever.",Classic Literature,"['Classic Literature', 'Fiction', 'Imperialism', 'Moon', 'Science fiction', 'Utopias', 'Satire', 'English literature', 'Fiction, general', 'General', 'Interplanetary voyages']",8081288.0,1900,114
The Lost World,Arthur Conan Doyle,4.0,"Journalist Ed Malone is looking for an adventure, and that's exactly what he finds when he meets the eccentric Professor Challenger - an adventure that leads Malone and his three companions deep into the Amazon jungle, to a lost world where dinosaurs roam free.",Adventure stories,"['Adventure stories', 'Atlantis', 'Dinosaurs', 'Fiction', 'Prehistoric peoples', 'Scientific expeditions', 'Science fiction', 'Fantasy', ""Children's fiction"", 'Dinosaurs, fiction', 'Public libraries', 'Activity programs', 'Reading promotion', 'Youth', 'Children', 'Scientists, fiction', 'English literature', 'Romans, nouvelles', 'Dinosaures', 'Novela', 'Pueblos prehistóricos', 'Dinosaurios', 'Fiction, general', 'Fantasy fiction', 'South America']",8231444.0,1900,747
"Mary Shelley's Frankenstein; or, the Modern Prometheus (1818 text)",Mary Shelley,4.0,"This is the original edition which was published in 3 volumes.  The cover photograph is of Volume 1.
Published anonymously. By Mary Wollstonecraft Shelley.
First edition.
With half-titles.
Title page with quote from Milton's Paradise Lost: ""Did I request thee, maker, from my clay / To mould me man? Did I solicit thee / From darkness to promote me?""
Printer statement from title page verso of volume 1; place of printing follows printer.
Pagination: volume 1: xii, 181, [3] pages; volume 2: [4], 156 pages; volume 3: [4], 192, [4] pages.
Publisher's advertisements on 2 unnumbered pages at end of volume 1 and 2 unnumbered pages at the end of volume 3.","Frankenstein, victor","['Frankenstein, victor', ""Frankenstein's monster"", 'Scientists', 'Scientists--fiction', 'Monsters', 'Monsters--fiction', '823/.7', 'Científicos', 'Científicos--novela', 'Monstruos', 'Monstruos--novela', 'Hl 4343', 'Fiction, horror', 'Fiction']",7267770.0,1818,90
Dracula,Bram Stoker,4.0,"Sink your teeth into the ageless tale of the famous vampire Count Dracula.

Dracula first horrified readers over 125 years ago. Today, this original gothic masterpiece includes a detailed exploration into the 1897 classic vampire novel and its author, Bram Stoker.

In this bonus introduction,

Learn about Stoker’s early life, his colorful career, and the famous friends he made leading up to the creation of his magnum opus, Dracula.
Tune into the speculative theories of Stoker’s personal life and his deeply repressed homosexual tendencies.
Delve deep into the folklore and mysticism that inspired Dracula, the masterful work itself, and the lasting impact it continues to have on pop culture.
This annotated introduction accompanying this classic novel is essential for all fans of Bram Stoker’s Dracula. I welcome you, the reader, as Count Dracula beckoned Jonathan Harker:

“Welcome to my house. Enter freely and at your own free will.”",English language,"['English language', 'English literature', 'Fiction', 'Horror', 'Horror stories', 'Horror tales', 'Monsters', 'Thriller', 'Vampires', 'Horror fiction', 'Irish authors', 'Epistolary novels', 'Romanians', 'British', 'Psychological fiction', 'Transylvania (Romania)', ""Children's fiction"", 'Romania, fiction', 'England, fiction', 'Vampires, fiction', 'Fiction, horror', 'Adaptations', 'Fiction, gothic', 'Dictionaries', 'French', 'German', 'Spanish', 'Juvenile fiction', ""Children's stories"", 'Literature', 'Fiction, psychological', 'Vampiros', 'Novela', 'Fiction, ghost', 'Irish fiction', 'Dracula (Stoker)', 'Literary criticism', 'Gothic literature', 'l', 'Report writing', 'Drama', 'Science fiction', 'Romans, nouvelles', 'Classics', 'Temples', 'Legends', 'Religion']",12216503.0,1897,730
The Foundation Trilogy,Isaac Asimov,4.0,"- Foundation
 - Foundation and Empire
 - Second Foundation

Isaac Asimov's Foundation novels are some of the great masterworks of science fiction. Unsurpassed for their unique blend of nonstop action, daring ideas, and extensive world-building, they chronicle the struggle of a courageous group of men and women working to preserve humanity’s light against an inexorable tide of darkness and violence.

Led by its founding father, the great psychohistorian Hari Seldon, and taking advantage of its superior science and technology, the Foundation has survived the greed and barbarism of its neighboring warrior-planets. Yet now it must face the Empire—still the mightiest force in the Galaxy even in its death throes. When an ambitious general determined to restore the Empire’s glory turns the vast imperial fleet toward the Foundation, the only hope for the small planet of scholars and scientists lies in the prophecies of Hari Seldon.

But not even Hari Seldon could have predicted the birth of the extraordinary creature called The Mule, a mutant intelligence with a power greater than a dozen battle fleets… a power that can turn the strongest-willed human into an obedient slave.",Fiction,"['Fiction', 'Psychohistory', 'Science fiction', 'Prophecies', 'Abenteuer', 'Science-Fiction-Literatur', 'Weltraum', 'Prophecy']",6502517.0,1950,54
The Awakening,Kate Chopin,4.0,"The Awakening is a novel by Kate Chopin, first published in 1899. Set in New Orleans and on the Louisiana Gulf coast at the end of the 19th century, the plot centers on Edna Pontellier and her struggle between her increasingly unorthodox views on femininity and motherhood with the prevailing social attitudes of the turn-of-the-century American South. It is one of the earliest American novels that focuses on women's issues without condescension. It is also widely seen as a landmark work of early feminism, generating a mixed reaction from contemporary readers and critics.",Adultery,"['Adultery', 'American literature', 'Classic Literature', 'feminist fiction', 'feminist literature', 'Fiction', 'History', 'Interpersonal attraction', 'Interpersonal relations', 'literary fiction', 'Louisiana Creoles', 'Man-woman relationships', 'Marriage', 'Married people', 'Married women', 'Modern Literature', 'Psychological fiction', 'Psychology', 'Romance fiction', 'Self-actualization (Psychology)', 'Short Stories', 'Social conditions', 'Women', 'Fiction, psychological', 'Louisiana, fiction', 'Femmes', 'Romans, nouvelles']",8750241.0,1899,346
When the Sleeper Awakes,H. G. Wells,4.0,"A troubled insomniac in 1890s England falls suddenly into a sleep-like trance, from which he does not awake for over two hundred years. During his centuries of slumber, however, investments are made that make him the richest and most powerful man on Earth. But when he comes out of his trance he is horrified to discover that the money accumulated in his name is being used to maintain a hierarchal society in which most are poor, and more than a third of all people are enslaved. Oppressed and uneducated, the masses cling desperately to one dream – that the sleeper will awake, and lead them all to freedom.",Fiction,"['Fiction', 'Twenty-first century', 'Technological innovations', 'Time travel', 'Science fiction', 'Literature', 'Classic Literature', 'Dystopias', 'English literature', 'Twenty-second century', 'Littérature', 'Littérature classique', 'Fiction, dystopian', 'Dystopian', 'Dystonia', 'Dystopia', 'Dystopian fiction', 'Dystopies', 'Dystopie', 'Sience-Fiction Dystopie', 'Littérature anglaise']",574886.0,1899,197
Pandora,William Kern,4.0,,Не указан,[],,2015,75
Foundation and Empire,Isaac Asimov,4.0,"Led by its founding father, the great psychohistorian Hari Seldon, and taking advantage of its superior science and technology, the Foundation has survived the greed and barbarism of its neighboring warrior-planets. Yet now it must face the Empire still the mightiest force in the Galaxy even in its death throes. When an ambitious general determined to restore the Empire's glory turns the vast Imperial fleet toward the Foundation, the only hope for the small planet of scholars and scientists lies in the prophecies of Hari Seldon.",Fiction,"['Fiction', 'Psychohistory', 'Science Fiction', 'American literature', 'Vie extraterrestre', 'Romans, nouvelles', 'Psychohistoire', 'award:retro_hugo']",9300695.0,1945,80
Neuromancer,William Gibson,4.0,"The first of William Gibson's Sprawl trilogy, *Neuromancer* is the classic cyberpunk novel. The winner of the Hugo, Nebula, and Philip K. Dick Awards, *Neuromancer* was the first fully-realized glimpse of humankind’s digital future — a shocking vision that has challenged our assumptions about our technology and ourselves, reinvented the way we speak and think, and forever altered the landscape of our imaginations.

Henry Dorsett Case was the sharpest data-thief in the business, until vengeful former employees crippled his nervous system. But now a new and very mysterious employer recruits him for a last-chance run. The target: an unthinkably powerful artificial intelligence orbiting Earth in service of the sinister Tessier-Ashpool business clan. With a dead man riding shotgun and Molly, mirror-eyed street-samurai, to watch his back, Case embarks on an adventure that ups the ante on an entire genre of fiction.

Hotwired to the leading edges of art and technology, *Neuromancer* is a cyberpunk, science fiction masterpiece — a classic that ranks with *1984* and *Brave New World* as one of the twentieth century’s most potent visions of the future.",Information superhighway,"['Information superhighway', 'Computer hackers', 'Conspiracies', 'Ciencia-ficción', 'Fiction', 'Science fiction', 'Business intelligence', 'Nervous system', 'Hackers', 'Cyberspace', 'Virtual reality', 'award:hugo_award=1985', 'award:hugo_award=novel', 'award:nebula_award=novel', 'Sprawl Trilogy', 'Japan, fiction', 'Hackers--fiction', 'Business intelligence--fiction', 'Information superhighway--fiction', 'Conspiracies--fiction', '813/.54', 'Specimens']",283860.0,1984,63
A Room of One's Own,Virginia Woolf,4.0,"A Room of One's Own is an extended essay by Virginia Woolf. First published on 24 October 1929, the essay was based on a series of lectures she delivered at Newnham College and Girton College, two women's colleges at Cambridge University in October 1928. While this extended essay in fact employs a fictional narrator and narrative to explore women both as writers of and characters in fiction, the manuscript for the delivery of the series of lectures, titled ""Women and Fiction"", and hence the essay, are considered non-fiction. The essay is generally seen as a feminist text, and is noted in its argument for both a literal and figural space for women writers within a literary tradition dominated by patriarchy.",Authorship,"['Authorship', 'Economic conditions', 'Feminism', 'Feminist theory', 'Femmes', 'Femmes écrivains', 'Histoire', 'History', 'Literature', 'Peace', 'Roman anglais', 'Sex differences', 'Social conditions', 'Theory', 'War', 'Women', 'Women authors', 'Écrivaines', 'Mujeres', 'l', 'Conditions économiques', 'Conditions sociales', 'Théorie', ""Art d'écrire"", 'FICTION', 'General', 'English fiction', 'English literature', 'Philosophy']",6559057.0,1929,302
To your scattered bodies go,Philip José Farmer,4.0,"Imagine that every human who ever lived, from the earliest Neanderthals to the present, is resurrected after death on the banks of an astonishing and seemingly endless river on an unknown world. They are miraculously provided with food, but with not a clue to the possible meaning of this strange afterlife. And so billions of people from history, and before, must start living again.",award:hugo_award=novel,"['award:hugo_award=novel', 'award:hugo_award=1972', 'Science fiction']",382159.0,1971,25
The Scarlet Letter,Nathaniel Hawthorne,4.0,"A stark and allegorical tale of adultery, guilt, and social repression in Puritan New England, The Scarlet Letter is a foundational work of American literature. Nathaniel Hawthorne's exploration of the dichotomy between the public and private self, internal passion and external convention, gives us the unforgettable Hester Prynne, who discovers strength in the face of ostracism and emerges as a heroine ahead of her time.",Fiction,"['Fiction', 'Puritans', 'History', 'Adultery', 'Illegitimate children', 'Clergy', 'Married women', 'Revenge', 'Women immigrants', 'American fiction', 'Women', 'Study guides', 'Examinations', 'Juvenile fiction', 'Vocabulary', 'Historical fiction', 'English language', 'Nathaniel Hawthorne', 'Littérature', 'Adultère', 'Femmes', 'Puritains', 'Romans, nouvelles', 'Interpersonal relations', 'Human relations', 'Mortal Sin', 'Illegitimacy', 'Women tailors', 'French', 'Psychological fiction', 'German', 'Spanish', 'American literature', 'Non-Classifiable', ""Children's fiction"", 'Massachusetts, fiction', 'Fiction, historical', 'Clergy, fiction', 'Fiction, psychological', 'Fiction, general', 'Reading comprehension', 'Problems, exercises', 'Readers (Adult)', 'Foreign speakers', 'Readers', 'Puritanos', 'Novela', 'Mujeres', 'Adulterio', 'Frau', 'Ehebruch', 'Puritans, fiction', 'Adulteresses', 'Histoire', 'Enfants naturels', 'Immigrantes', 'Femmes mariées', 'Vengeance', 'Clergé', 'Classics', 'Literary', 'Economic policy', 'Economic aspects', 'General', 'Dictionaries']",5654516.0,1850,608
Frankenstein or The Modern Prometheus,Mary Shelley,4.0,"*Frankenstein; or, The Modern Prometheus* is an 1818 novel written by English author Mary Shelley. Frankenstein tells the story of Victor Frankenstein, a young scientist who creates a sapient creature in an unorthodox scientific experiment. Shelley started writing the story when she was 18, and the first edition was published anonymously in London on 1 January 1818, when she was 20. Her name first appeared in the second edition, which was published in Paris in 1821.",Fiction,"['Fiction', 'Scientists', 'Monsters', 'Fiction, horror', 'Physicians, fiction', 'Scientists, fiction', ""Children's fiction"", 'Horror stories', 'Fiction, general', 'Horror tales', 'English fiction', 'Study guides', 'Examinations', 'Fiction, gothic', 'Reading comprehension', 'Monsters, fiction', 'English literature', 'Readers', ""Children's stories"", 'Monstrous', 'Novela', 'Horror fiction', 'literary criticism', 'Authors', 'Travel', 'Reincarnation', 'Self-actualization (Psychology)', 'Vida espiritual', 'Conducta (Ética)', 'Self-realization', 'Reading materials', 'Switzerland, fiction', 'Science fiction', 'Monstres', 'Romans, nouvelles', 'Classic fiction', 'Illustration', 'Gothic fiction', 'Frankenstein’s monster', 'Monsters--fiction', '823.7 f', 'Frankenstein, victor', ""Frankenstein's monster"", 'Scientists--fiction', '823/.7', 'Fic004000', '823.7', 'English', 'Scot', 'Classics', 'Horror', 'Gothic', 'Mary shelley', 'Women authors', 'Rhetoric', 'Ya', 'Young adult', 'Juvenile', 'History', 'Historical', 'Classic', 'Literature', 'Books', 'Novels', 'Hardcovers', 'Paperback', 'Ebook', 'Audio-book', 'Stories', 'Tales', 'Madness', 'Mad', 'Science', 'Life conduct', 'Ethics', 'Ficción', 'Monstruos', 'Epistolary fiction', 'Conducta (etica)', 'ghost', 'Frankenstein films', 'Juvenile fiction', 'Man-woman relationships', '823']",12356249.0,1818,2184
Du contrat social,Jean-Jacques Rousseau,4.0,"*The Social Contract*, originally published as *On the Social Contract; or, Principles of Political Right* (French: *Du contrat social; ou, Principes du droit politique*), is a 1762 French-language book by the Genevan philosopher Jean-Jacques Rousseau. The book theorizes about the best way to establish a political community in the face of the problems of commercial society, which Rousseau had already identified in his *Discourse on Inequality* (1755).

*The Social Contract* helped inspire political reforms or revolutions in Europe, especially in France. *The Social Contract* argued against the idea that monarchs were divinely empowered to legislate. Rousseau asserts that only the people, who are sovereign, have that all-powerful right. (Source: [Wikipedia](https://en.wikipedia.org/wiki/The_Social_Contract))",Peace,"['Peace', 'The State', 'Science politique', 'Economics', 'Fiction', 'Social contract', 'Civilization', 'Ciencias políticas', 'Political science', 'Contrato social', 'Classic Literature', 'Contrat social', 'Political sciene', 'Philosophy, french', 'Political sociology', 'Liberty', 'Equality', 'Literary essays', 'Filosofia', 'Philosophie politique', 'CIENCIAS POLITICAS', 'Ciències polítiques', 'Contracte social', 'PHILOSOPHY', 'Political', 'Ciencia política', 'Política', 'Filosofía', 'Sozialvertrag', '320.11', 'Sociology']",6581958.0,1762,216
The Island of Dr. Moreau,H. G. Wells,4.0,"Ranked among the classic novels of the English language and the inspiration for several unforgettable movies, this early work of H. G. Wells was greeted in 1896 by howls of protest from reviewers, who found it horrifying and blasphemous. They wanted to know more about the wondrous possibilities of science shown in his first book, The Time Machine, not its potential for misuse and terror. In The Island of Dr. Moreau, a shipwrecked gentleman named Edward Prendick, stranded on a Pacific island lorded over by the notorious Dr. Moreau, confronts dark secrets, strange creatures, and a reason to run for his life.

While this riveting tale was intended to be a commentary on evolution, divine creation, and the tension between human nature and culture, modern readers familiar with genetic engineering will marvel at Wells’s prediction of the ethical issues raised by producing “smarter” human beings or bringing back extinct species. These levels of interpretation add a richness to Prendick’s adventures on Dr. Moreau’s island of lost souls without distracting from what is still a rip-roaring good read.",Islands,"['Islands', 'Fiction', 'Animal experimentation', 'Horror stories', 'English literature', 'Science fiction', 'Occultism', 'Shipwreck survival', 'Science', 'Ethics', ""Children's fiction"", 'Animals, fiction', 'Survival', 'Novela', 'Experimentacion animal', 'Islas', 'Romans, nouvelles', 'Expérimentation animale', 'Îles', 'Fiction, general', 'Shipwrecl survival', 'Animal experimentation--fiction', '823.912', '823/.912', 'Shipwrecks, fiction', 'Readers', 'Shipwrecks']",968312.0,1896,295
Of Human Bondage,William Somerset Maugham,4.0,"Of Human Bondage is a moving exploration of loneliness, obsessive love, and a young man's search for meaning and direction in life. Written in the third person, it tells the story of Philip Carey, a self-conscious orphan with a club-foot who learns medicine. Not only is this a significant work in the Bildungsroman tradition, but its largely autobiographical basis gives it a special interest in view of the exceptional public success that Somerset Maugham was to enjoy over several decades.","Orphans, fiction","['Orphans, fiction', 'Bildungsromans', 'Physicians, fiction', 'Artists, fiction', 'England, fiction', 'Literature', 'Medical fiction', 'Artists,  fiction', 'English literature', 'English fiction', 'Classic Literature', 'Fiction', 'Physicians', 'Orphans', 'Artists', 'Personnes handicapées', 'Romans, nouvelles', 'Médecins', 'Artistes']",5277723.0,1915,407
Le Tour du Monde en Quatre-Vingts Jours,Jules Verne,4.0,"Phileas Fogg, a very punctual man had broken into an argument while conversing about the recent bank robbery. To keep his word of proving that he would travel around the world in 80 days and win the bet, he sets on a long trip, where he is joined by a few other people on the way. A wonderful adventure is about to begin!",Fiction,"['Fiction', 'Historical fiction', 'Adventure stories', 'Wagers', 'French fiction', 'Juvenile fiction', 'Ficción', 'Adventure fiction', 'Submarines (Ships)', 'Sea stories', 'Science', ""Children's fiction"", 'Balloons, fiction', 'Travel', 'English fiction', 'Readers', 'French language', 'Classic Literature', ""Roman d'aventures"", 'Spanish language', 'English language', 'Travelers', 'Aventures', 'Romans', 'Paris', 'Policiers', 'Voyages', 'Thriller', 'Literatura', 'Weltreise', 'Fantasy', 'Romance literature', 'Detectives, fiction', 'Sisters, fiction', 'Illustraties', 'Frans', 'Aeronautics', 'Romans, nouvelles', 'General', 'Littérature française', 'Fiction, general', 'Adventure', 'Science fiction']",6976035.0,1872,425
Vingt mille lieues sous les mers,Jules Verne,4.0,"A nineteenth-century science fiction tale of an electric submarine, its eccentric captain, and undersea world, which anticipated many of the scientific achievements of the twentieth century.",Fiction,"['Fiction', 'Specimens', 'Underwater exploration', 'French language', 'Submarine boats', 'Submarines', 'Sea stories', 'Adaptations', 'Submarinos', 'Science fiction', 'Submarines (Ships)', 'Adventure stories', 'French fiction', 'Juvenile fiction', 'Verne, Jules,', 'Ficción juvenil', 'Exploraciones submarinas', ""Children's fiction"", 'Juvenile literature', 'Ship captains', 'Motion Pictures', 'Walt Disney', 'Movies', 'Adventure', 'Films', 'Disney', 'Classic Literature', 'Thriller', 'Maritime fiction', 'Readers', 'Sea', 'Romance literature', 'Sous-marins', 'Romans, nouvelles', 'Anglais (Langue)', 'Illustraties', 'Frans']",6573517.0,1870,382
La Poetica,Aristotle,4.0,Conflated. Needs cleanup.,Metaphysics,"['Metaphysics', 'Metaphysica (Aristoteles)', 'Rhetoric, ancient', 'Ethics, greece', 'Aristotle', 'Philosophers, greece', 'Animal locomotion', 'Philosophy, ancient', 'Rhetoric', 'Ancient Rhetoric', 'Poetry', 'Aesthetics', 'Esztétika', 'Irodalomelmélet', 'Költészet', 'Retorika', 'Rhétorique ancienne', 'Filosofia', 'Poétique', 'Rhétorique', 'Zoology', 'Pre-Linnean works', 'Philosophy', 'Collected Works', 'Classical philology', 'Philosophie', 'Filosofie', 'Poésie', 'Esthétique', 'Ancient Philosophy', 'Ancient Science', 'Science, ancient', 'Ethics', 'Economics', 'Poetics', 'Métaphysique', '808.0092', '110', '185', 'Psychology', 'Greek literature', 'Theory', 'Literary form', 'Ancient Aesthetics', 'Horses', 'Folklore', 'Literary Style', 'The Sublime', 'Music', 'Sarcoptidae']",129771.0,1479,498
Anthem,Ayn Rand,4.0,"Anthem is a tale of a future dark age of the great “we” – a world that deprives individuals of name, independence, and values.

He lived in the dark ages of the future. In a loveless world he dared to love the woman of his choice. In an age that had lost all traces of science and civilization he had the courage to seek and find knowledge. But these were not the crimes for which he would be hunted He was marked for death because he had committed the unpardonable sin: He had stood forth from the mindless human herd. He was alone.",Fiction,"['Fiction', 'Individuality', 'collectivism', 'Time travel', 'Psychology', 'Men', 'Man-woman relationships', 'Fiction, psychological', 'Fiction, dystopian', 'Individualism', 'Psychological fiction']",802982.0,1936,103
Ender's Game,Orson Scott Card,4.0,"Ender's Game is a 1985 military science fiction novel by American author Orson Scott Card. Set at an unspecified date in Earth's future, the novel presents an imperiled humankind after two conflicts with the Formics, an insectoid alien species they dub the ""buggers"". In preparation for an anticipated third invasion, children, including the novel's protagonist, Andrew ""Ender"" Wiggin, are trained from a very young age by putting them through increasingly difficult games, including some in zero gravity, where Ender's tactical genius is revealed.

The book originated as a short story of the same name, published in the August 1977 issue of Analog Science Fiction and Fact. The novel was published on January 15, 1985. Later, by elaborating on characters and plotlines depicted in the novel, Card was able to write additional books in the Ender's Game series. Card also released an updated version of Ender's Game in 1991, changing some political facts to reflect the times more accurately (e.g., to include the recent collapse of the Soviet Union and the end of the Cold War). The novel has been translated into 34 languages.

Reception of the book has been mostly positive. It has become suggested reading for many military organizations, including the United States Marine Corps. Ender's Game was recognized as ""best novel"" by the 1985 Nebula Award[3] and the 1986 Hugo Award[4] in the genres of science fiction and fantasy. Its four sequels—Speaker for the Dead (1986), Xenocide (1991), Children of the Mind (1996), and Ender in Exile (2008)—follow Ender's subsequent travels to many different worlds in the galaxy. In addition, the later novella A War of Gifts (2007) and novel Ender's Shadow (1999), plus other novels in the Shadow saga, take place during the same time period as the original.


----------

Contained in:
[Ender's War](https://openlibrary.org/works/OL49619W)
See also:

 - [Ender's Game: 1/2](https://openlibrary.org/works/OL19647657W/Ender's_Game._1_2)

  [1]: http://www.hatrack.com/osc/books/endersgame/",nyt:mass_market_paperback=2011-07-30,"['nyt:mass_market_paperback=2011-07-30', 'military education', 'prize:nebula', 'hegemony', 'space warfare', 'child soldiers', 'science fiction', 'automation', 'data processing', 'aliens', 'Hermanos', 'Genetic engineering', 'Fiction', 'award:hugo_award=novel', 'Ficción', 'Ciencia-ficción', 'award:hugo_award=1986', 'War games', 'Artificial intelligence', 'Science-Fiction-Literatur', 'Krieg', 'Amerikanisches Englisch', 'Außerirdische Intelligenz', 'award:nebula_award=novel', 'Siblings, fiction']",12996033.0,1985,104
A Princess of Mars,Edgar Rice Burroughs,4.0,"I am a very old man; how old I do not know. Possibly I am a hundred, possibly more; but I cannot tell because I have never aged as other men, nor do I remember any childhood. So far as I can recollect I have always been a man, a man of about thirty. I appear today as I did forty years and more ago, and yet I feel that I cannot go on living forever; that some day I shall die the real death from which there is no resurrection.
[Adventures of John Carter in Mars -- from the author of the Tarzan series.]",Fiction,"['Fiction', 'Classic Literature', 'Princesses', 'Science fiction', 'Fantasy', 'Barsoom', 'Folklore', 'American literature', 'Romans, nouvelles', 'Princesses--Fiction', 'Mars (Planet)--Fiction', 'Juvenile fiction']",207226.0,1917,207
Northern Lights,Philip Pullman,4.0,"In a landmark epic of fantasy and storytelling, Philip Pullman invites readers into a world as convincing and thoroughly realized as Narnia, Earthsea, or Redwall. Here lives an orphaned ward named Lyra Belacqua, whose carefree life among the scholars at Oxford's Jordan College is shattered by the arrival of two powerful visitors. First, her fearsome uncle, Lord Asriel, appears with evidence of mystery and danger in the far North, including photographs of a mysterious celestial phenomenon called Dust and the dim outline of a city suspended in the Aurora Borealis that he suspects is part of an alternate universe. He leaves Lyra in the care of Mrs. Coulter, an enigmatic scholar and explorer who offers to give Lyra the attention her uncle has long refused her. In this multilayered narrative, however, nothing is as it seems. Lyra sets out for the top of the world in search of her kidnapped playmate, Roger, bearing a rare truth-telling instrument, the compass of the title. All around her children are disappearing—victims of so-called ""Gobblers""—and being used as subjects in terrible experiments that separate humans from their daemons, creatures that reflect each person's inner being. And somehow, both Lord Asriel and Mrs. Coulter are involved.",Political theology,"['Political theology', 'Polar bears', 'Kidnapping', 'Adventure stories', 'Juvenile fiction', 'Fantasy', 'Experiments', 'Witches', 'Missing persons', 'Fiction', 'Children', 'Experimentos', 'Ficción juvenil', 'Imaginary places', 'Lugares imaginarios', 'Magia', 'Magic', 'Niños', 'Novela fantástica', 'Novela juvenil', 'Personas desaparecidas', 'Quests (Expeditions)', 'Secuestro', 'Artic regions', 'Fantasy fiction', 'Arctic Regions', 'skjønnlitteratur', 'adventure', 'Amitie', 'Magie', 'Personnes disparues', 'Merveilleux', 'Romans', 'Enlevement', ""Children's fiction"", 'Orphans', 'Uncles', 'Science', 'Demonology', 'Geographical myths', 'Mythical Animals', 'Carnegie Medal', 'General', 'Teens', 'Teenage fiction', 'Survival, fiction', 'The Marvelous', 'Amitié', 'Dämon', 'Entführung', 'Imaginärer Schauplatz', 'Kind', 'Menschenversuch', 'Mädchen', 'Zigeuner', 'Teachers, fiction', 'Familiars (Spirits)']",8747028.0,1995,142
Nineteen Eighty-Four,George Orwell,4.0,"Nineteen Eighty-Four: A Novel, often referred to as 1984, is a dystopian social science fiction novel by the English novelist George Orwell (the pen name of Eric Arthur Blair). It was published on 8 June 1949 by Secker & Warburg as Orwell's ninth and final book completed in his lifetime. Thematically, Nineteen Eighty-Four centres on the consequences of totalitarianism, mass surveillance, and repressive regimentation of persons and behaviours within society. Orwell, himself a democratic socialist, modelled the authoritarian government in the novel after Stalinist Russia. More broadly, the novel examines the role of truth and facts within politics and the ways in which they are manipulated.

----------		
Also contained in:		
[Novels (Animal Farm / Burmese Days / Clergyman's Daughter / Coming Up for Air / Keep the Aspidistra Flying / Nineteen Eighty-Four)](https://openlibrary.org/works/OL1168045W)		
[Novels (Animal Farm / Nineteen Eighty-Four)](https://openlibrary.org/works/OL1167981W)
[Orwell's Nineteen Eighty-Four: Text, Sources, Criticism](https://openlibrary.org/works/OL1168095W)",futurology,"['futurology', 'censorship', 'surveillance', 'rebels', 'sting operations', 'historical negationism', 'memory holes', 'thoughtcrime', 'Outer Party', 'resistance movements', 'Newspeak', 'perpetual war', 'telescreens', 'Ingsoc', 'Satirical literature', 'FICTION CLASSICS', 'CLASSICS', 'CONTEMPORARY FICTION', 'Man-woman relationships', 'Politique', 'Political fiction', 'Totalitarisme', 'Fiction', 'Romans', 'Facsimiles', 'Totalitarismo', 'Husbands', 'Classic Literature', 'Manuscripts', 'Novela política', 'Insurance agents', 'open_syllabus_project', 'Distopías', 'Dystopias', 'Ficción', 'Ciencia-ficción', 'Suburban life', 'English fiction', 'Totalitarianism', 'Science Fiction', 'Novela', 'Novela inglesa', 'Zukunft', 'Polizeistaat', 'Fiction, political', 'Fiction, dystopian', 'English literature', 'Correspondence', 'Journalists', 'English Authors', 'Correspondence..', 'Brainwashing', 'Authoritarianism', 'NOVELAS INGLESAS', 'Political science', 'Satire', 'Romans, nouvelles', 'Literature', 'Fiction, general', 'Psychological fiction', 'Drama', 'Dystopian plays', 'Essays', 'Literary', 'Nationalism', 'Lexicography', 'English manuscripts', 'Fantasy', 'Adaptations', 'Totalitarianism--fiction']",9267242.0,1949,434
Anna Karenina,Лев Толстой,4.0,"Described by William Faulkner as the best novel ever written and by Fyodor Dostoevsky as “flawless,” Anna Karenina tells of the doomed love affair between the sensuous and rebellious Anna and the dashing officer, Count Vronsky. Tragedy unfolds as Anna rejects her passionless marriage and thereby exposes herself to the hypocrisies of society. Set against a vast and richly textured canvas of nineteenth-century Russia, the novel's seven major characters create a dynamic imbalance, playing out the contrasts of city and country life and all the variations on love and family happiness.",Fiction,"['Fiction', 'Adultery', 'Married women', 'Social conditions', 'Russian literature', 'Upper class', 'Classic Literature', 'Literature', 'Drama', 'Non-English Fiction', 'Romance', 'Russian fiction', 'open_syllabus_project', 'History', 'Russia', 'Love stories', 'Literary', 'Slavic philology', 'Romance fiction', 'love', 'marriage', 'morals', 'English fiction', 'Mujeres casadas', 'Novela', 'Adulterio', 'Literary Collections', 'Classics', 'Ficción', 'Didactic fiction', 'Femmes mariées', 'Romans, nouvelles', 'Wives', 'Fiction, general', 'Youth', 'Suicide', 'Adultery--russia--fiction', 'Married women--fiction', 'Adultery--fiction', '891.73/3', 'Conditions sociales']",2560652.0,1876,899
The Handmaid's Tale,Margaret Atwood,4.0,"The Handmaid's Tale is a dystopian novel by Canadian author Margaret Atwood, published in 1985. It is set in a near-future New England, in a strongly patriarchal, totalitarian theonomic state, known as the Republic of Gilead, which has overthrown the United States government. The central character and narrator is a woman named Offred, one of the group known as ""handmaids"", who are forcibly assigned to produce children for the ""commanders"" — the ruling class of men in Gilead.

The novel explores themes of subjugated women in a patriarchal society, loss of female agency and individuality, and the various means by which they resist and attempt to gain individuality and independence.

The Handmaid's Tale won the 1985 Governor General's Award and the first Arthur C. Clarke Award in 1987; it was also nominated for the 1986 Nebula Award, the 1986 Booker Prize, and the 1987 Prometheus Award.


----------
Also contained in:
[Novels](https://openlibrary.org/works/OL24301311W)",brothels,"['brothels', 'Canadian authors', 'Christian fundamentalism', 'Dystopian fiction', 'Dystopias', 'fantasy fiction', 'Fiction', 'Fiction, dystopian', 'handmaids', 'Man-woman relationships', 'military dictatorship', 'Misogyny', 'nyt:e-book-fiction=2017-01-22', 'nyt:trade-fiction-paperback=2017-02-26', 'Old Testament', 'Political', 'political fiction', 'pregnancy', 'religious fanaticism', 'revolution', 'science fiction', 'Scrabble', 'Social aspects', 'theocracy', 'theonomy', 'totalitarianism', 'Women', 'Study guides', 'Misogynie', 'collectionID:EanesChallenge', 'Romans, nouvelles', 'Femmes', 'collectionID:ConroeChallenge', 'Teen fiction', 'World literature', 'Fiction subjects', 'Dystopian', 'Foreign relations', 'Neutrality']",8231851.0,1985,147
The Hitch Hiker's Guide to the Galaxy,Douglas Adams,4.0,"The Hitchhiker's Guide to the Galaxy is the first of six books in the Hitchhiker's Guide to the Galaxy comedy science fiction ""hexalogy"" by Douglas Adams. The novel is an adaptation of the first four parts of Adams's radio series of the same name. The novel was first published in London on 12 October 1979. It sold 250,000 copies in the first three months.

The namesake of the novel is The Hitchhiker's Guide to the Galaxy, a fictional guide book for hitchhikers (inspired by the Hitch-hiker's Guide to Europe) written in the form of an encyclopaedia.


----------
Also contained in:

 - [The Hitch Hiker's Guide to the Galaxy: A Trilogy in Four Parts][1]
 - [The More than Complete Hitchhiker's Guide][2]
 - [Ultimate Hitchhiker's Guide to the Galaxy](https://openlibrary.org/works/OL2163706W)

  [1]: https://openlibrary.org/works/OL2163692W
  [2]: https://openlibrary.org/works/OL2163713W",Vogons,"['Vogons', 'Humorous fiction', 'Imaginary voyages', 'Science Fiction', 'Interstellar travel', 'Fiction', 'Interplanetary voyages', 'Humorous stories', 'Viajes interplanetarios', 'Ficción', 'Language readers', 'Radio plays', 'English literature', 'Fiction, humorous', 'Christian life', 'Science-fiction', 'English language', 'Adventure', 'Humorous', 'General', 'Space opera']",12986869.0,1979,120
The Hunger Games,Suzanne Collins,4.0,"The Hunger Games is a 2008 dystopian novel by the American writer Suzanne Collins. It is written in the perspective of 16-year-old Katniss Everdeen, who lives in the future, post-apocalyptic nation of Panem in North America. The Capitol, a highly advanced metropolis, exercises political control over the rest of the nation. The Hunger Games is an annual event in which one boy and one girl aged 12–18 from each of the twelve districts surrounding the Capitol are selected by lottery to compete in a televised battle royale to the death.

The book received critical acclaim from major reviewers and authors. It was praised for its plot and character development. In writing The Hunger Games, Collins drew upon Greek mythology, Roman gladiatorial games, and contemporary reality television for thematic content. The novel won many awards, including the California Young Reader Medal, and was named one of Publishers Weekly's ""Best Books of the Year"" in 2008.

The Hunger Games was first published in hardcover on September 14, 2008, by Scholastic, featuring a cover designed by Tim O'Brien.",severe poverty,"['severe poverty', 'starvation', 'oppression', 'self-sacrifice', 'Science fiction', 'Apocalyptic fiction', 'Dystopian fiction', 'Fiction', 'Juvenile works', 'Novels', 'Juvenile fiction', 'contensts', 'Game shows', 'Television programs', 'Contests', 'nyt:series_books=2010-08-21', 'Survival', 'Interpersonal relations', 'Roman', 'Amerikanisches Englisch', 'Sisters', 'Young women', 'Dystopias', 'Survival skills', 'Blind', 'Survival Stories', ""Children's fiction"", 'Survival, fiction', 'Contests, fiction', 'Television, fiction', 'Future', 'violent', 'life risking', 'bravery.', ""Roman d'aventures"", 'Relations humaines', 'Romans, nouvelles', 'Émissions televiseés', 'Supervivencia', 'Novela juvenil', 'Relaciones humanas', 'Concursos', 'Fantastische Erza\x98hlung', 'Fantastische Literatur', 'Contests Fiction', 'Fictional Work', 'Romans', 'Survival Fiction', 'Émissions télévisées', 'Novela', 'Televisión', 'Programas', 'Competencias', 'American fiction', 'Short stories', 'Fantasy fiction', 'Serie:The_Hunger_Games']",12646537.0,2008,131
Pride and Prejudice,Jane Austen,4.0,"Pride and Prejudice is an 1813 novel of manners written by Jane Austen. The novel follows the character development of Elizabeth Bennet, the dynamic protagonist of the book who learns about the repercussions of hasty judgments and comes to appreciate the difference between superficial goodness and actual goodness.

Mr. Bennet, owner of the Longbourn estate in Hertfordshire, has five daughters, but his property is entailed and can only be passed to a male heir. His wife also lacks an inheritance, so his family faces becoming very poor upon his death. Thus, it is imperative that at least one of the girls marry well to support the others, which is a motivation that drives the plot.",Courtship,"['Courtship', 'Drama', 'English fiction', 'English literature', 'Families', 'Family', 'Family life', 'Family relations', 'Fiction Classics', 'History', 'Interpersonal relations', 'Juvenile fiction', 'Literary Fiction', 'love stories', 'manners', 'marriage', 'Sisters', 'Social classes', 'Upper class', 'wealth', 'young ladies', 'Young women', 'entail', 'Sisters, fiction', 'England, fiction', 'Roman anglais', 'Classes sociales', 'Romans, nouvelles', 'Sœurs', 'Amours', 'Jeunes femmes', 'Familles', 'Clases sociales', 'Novela', 'Jóvenes (Mujeres)', 'Cortejo amoroso', 'Hermanas', 'Readers', 'Prejudices', 'Romance fiction', 'Historical fiction', 'Classical literature', 'Domestic fiction', 'Women, fiction', 'Adaptations', 'Gentry', 'Mate selection', 'Coloring books', 'Emoticons', 'Feelings', 'Class', 'Englisch', 'Roman', 'Prophecies', 'Great britain', 'England', 'Novel', 'Fiction']",14348537.0,1813,4035
Twilight,Stephenie Meyer,4.0,"Bella Swan and Edward Cullen, a pair of star-crossed lovers whose forbidden relationship ripens against the backdrop of small-town suspicion and a mysterious coven of vampires.",nyt:series_books=2008-03-15,"['nyt:series_books=2008-03-15', 'Vampires', 'Juvenile Fiction', 'Fiction', 'Schools', 'High schools', 'First loves', 'Vampires, fiction', 'Schools, fiction', ""Children's fiction"", 'Love, fiction', 'cheese', 'Graphic novels', 'Adaptations', 'Vampiros', 'Ficción juvenil', 'Escuelas secundarias', 'Escuelas', 'nyt:hardcover-graphic-books=2010-04-04', 'Motion pictures', 'Chinese language', 'Simplified characters', 'Interpersonal attraction', 'Upside-down books', 'Teenagers', 'Werewolves', 'American fiction', 'Youth, fiction', 'High school', 'Junge Frau', 'Vampir', 'Verlieben', 'School stories', 'Reading materials', ""Children's books"", 'Spanish language', 'Novela juvenil', 'Portuguese fiction', 'Novela estadounidense', 'Novela', 'Interpersonal relations', 'Écoles', 'Love', 'Persistence', 'Friendship', 'Romans, nouvelles', 'Écoles secondaires', 'Premier amour', 'Amour', 'Persévérance', 'Amitié', 'Romance', 'Paranormal', 'Social Themes', 'Außenseiterin', 'Gefahr', 'Tochter', 'Weibliche Jugend', 'Wohnungswechsel', 'Supernatural fiction', 'Mishnah']",12641977.0,2005,118
A Caribbean Mystery,Agatha Christie,4.0,"As Miss Marple sat basking in the Caribbean sunshine, she felt mildly discontented with life. True, the warmth eased her rheumatism, but here in paradise nothing ever happened. Eventually, her interest was aroused by an old soldier's yarn about strange coincidence. Infuriatingly, just as he was about to show her an astonishing photograph, the Major's attention wandered. He never did finish the story...",Agatha Christie,"['Agatha Christie', 'Miss Marple', 'Series', 'British', 'Amateur', 'Detective', 'Fiction', 'Classic', 'Literature', 'Braille', 'Audiobook', 'Crime', 'Murder', 'Mystery', 'Suspense', 'Humour', 'Travel', 'Vacation', 'Cruise', 'Caribbean', 'West Indies', 'Women detectives', 'English literature', 'England, fiction']",14578132.0,1964,105
The Mysterious Affair at Styles,Agatha Christie,4.0,"Set in the summer of 1917 in an Essex country estate, the story follows the war-wounded Captain Arthur Hastings to the Styles St. Mary manor of his friend John Cavendish. The Cavendish household is wrought with tension due to the marriage of John's widowed old aunt Emily, she of a sizeable fortune, to a suspicious younger man, Alfred Inglethorp, twenty years her junior. Emily's two stepsons, John and Lawrence Cavendish, as well as John's wife Mary and several other people, also live at Styles. Late one night, the residents of Styles wake to find Emily Inglethorp dying. When Emily's sudden heart attack is found to be attributable to strychnine, Hastings, who had runs into his old friend, the Belgian Hercule Poirot, he recruits him to aid in the local investigation. With impeccable timing, Hercule Poirot, the insightful retired detective, makes his dramatic entrance to solve a most baffling case.

Who poisoned the wealthy Emily Inglethorpe, and how did the murderer penetrate and escape from her locked bedroom? Suspects abound in the quaint village of Styles St. Mary--from the heiress's fawning new husband to her two stepsons, her volatile housekeeper, and a pretty nurse who works in a hospital dispensary. On the day she was killed, Emily Inglethorp was overheard arguing with someone, most likely her husband, Alfred, or her stepson, John. Afterwards, she seemed quite distressed and, apparently, made a new will--which no one can find. Nobody can explain how or when the strychnine was administered to Mrs. Inglethorp. High on Poirot's list of suspects are: John Cavendish, the elder stepson; Mary Cavendish, his wife; Lawrence Cavendish, the younger stepson; Evelyn Howard, Mrs. Inglethorpe's companion; Cynthia Murdoch, her protegee; and Dr. Bauerstein, a mysterious stranger who lives in Essex. All have motive and opportunity but only Poirot can discover the truth.",Fiction,"['Fiction', 'Mystery', 'Crime Fiction', 'Mystery Thriller', 'Thriller', 'Adult', 'Classic Literature', 'British Literature', 'Private investigators', 'English Detectives', 'Murder', 'Investigation', 'England, fiction', 'English literature', 'Crime', 'Fiction, general', 'Belgians']",13699667.0,1920,1017
The Mystery of the Blue Train,Agatha Christie,4.0,"Bound for the Riviera, detective Hercule Poirot has boarded Le Train Bleu, an elegant, leisurely means of travel, free of intrigue. Then he meets Ruth Kettering. The American heiress bailing out of a doomed marriage is en route to reconcile with her former lover. But by morning, her private affairs are made public when she is found murdered in her luxury compartment. The rumour of a strange man loitering in the victim's shadow is all Poirot has to go on. Until Mrs. Kettering's secret life begins to unfold...",Crimes against,"['Crimes against', 'Divorce', 'Fiction', 'Jewelry theft', 'Married women', 'Private investigators', 'Railroad stories', 'Railroad travel', 'Rich people', 'Historical Fiction', 'Mystery', 'Romance', 'Belgians', 'Mystery fiction', 'England, fiction', 'France, fiction', 'English literature', 'German text', 'Crime, fiction', 'Fiction, general', 'Private investigators--England--Fiction', 'Railroad travel--Fiction', 'Jewelry theft--Fiction']",14575533.0,1928,117
Murder in Mesopotamia,Agatha Christie,4.0,"E-book exclusive extras: Christie biographer Charles Osborne's essay on Murder in Mesopotamia; ""The Poirots"": the complete guide to all the cases of the great Belgian detective.  Nurse Amy Leatheran had never felt the lure of the ‘mysterious East,’ but she nonetheless accepts an assignment at Hassanieh, an ancient site deep in the Iraqi desert, to care for the wife of a celebrated archaeologist. Mrs Leidner is suffering bizarre visions and nervous terror. ‘I’m afraid of being killed!’ she admits to her nurse. Her terror, unfortunately, is anything but unfounded, and Nurse Leatheran is soon enough without a patient. The world’s greatest detective happens to be in the vicinity, however: having concluded an assignment in Syria, and curious about the dig at Hassanieh, Hercule Poirot arrives in time to lead a murder investigation that will tax even his remarkable powers -- and in a part of the world that has seen more than its share of misadventure and foul play.",Fiction,"['Fiction', 'Private investigators', 'Belgians', 'Americans', 'Archaeologists', 'Mystery', 'Excavations (Archaeology)', 'Utgrävningar', 'Skönlitteratur', 'English literature', 'Archaeologists, fiction', 'Iraq, fiction']",12855104.0,1936,102
Death on the Nile,Agatha Christie,4.0,"The tranquillity of a cruise along the Nile was shattered by the discovery that Linnet Ridgeway ( Linnet Doyle) had been shot through the head. She was young, stylish, rich and beautiful. A girl who had everything... until she lost her life.

Hercule Poirot recalled an earlier outburst by a fellow passenger: 'I'd like to put my dear little pistol against her head and just press the trigger.' Yet in this exotic setting nothing was ever quite what it seemed...",Belgians,"['Belgians', 'Fiction', 'Private investigators', 'murder', 'Historical Fiction', 'Mystery', 'Romance', 'Detectives privados', 'Novela', 'Belgas', 'Ficción', 'Agatha Christie', 'Detective', 'Hercule Poirot', 'Classic', 'British', 'Literature', 'Audiobook', 'Braile', 'Cruiseship', 'Travel', 'Asea', 'Crime', 'Suspense', 'Humour', 'Investigadores privados', 'Egypt, fiction', 'Roman', 'Roman policier', 'Français (langue)', 'English literature', 'Fiction, crime']",14066646.0,1937,164
The Hollow,Agatha Christie,4.0,"E-book exclusive extras:1) Christie biographer Charles Osborne's essay on The Hollow;2) ""The Poirots"": the complete guide to all the cases of the great Belgian detective.",Fiction,"['Fiction', 'Private investigators', 'Murder', 'Mystery', 'murder mystery', 'Socialites', 'Investigation', 'England, fiction', 'English literature', 'Spanish fiction', 'Roman espagnol']",13679064.0,1946,102
Sleeping Murder,Agatha Christie,4.0,"""Let sleeping murder lie"": this is the proverb (a variation on ""Let sleeping dogs lie"") which is not obeyed by twenty-one-year-old New Zealander Gwenda Reed, who has recently married and now comes to England to settle down there.  While her husband, Giles, is out of the country, she buys a house for them and starts recalling memories which make her start to think that perhaps she had lived in the house before. She knows the pattern of the old wallpaper they find on the walls, the location of a now covered over doorway, a set of steps in the garden that are not where they should be, and so on. When she begins to remember seeing someone murdered at the bottom of the staircase however, she is convinced she is going mad. Miss Marple however has an explanation not only for why she may be having these memories but also solves the mystery of the murder victim and her murderer. 

Sleeping Murder chronicles Miss Marple’s final case. Although Agatha Christie wrote it before Nemesis, it was not published until after her death in 1976. It is thought to have been written in the early 1940s, although the exact date has been debated",Fiction,"['Fiction', 'Women detectives', 'Mystery', 'English literature', 'England, fiction', 'Romans, nouvelles']",10247294.0,1940,103
Five Little Pigs,Agatha Christie,4.0,"Sixteen years after Caroline Crale has been convicted of the murder of her husband, Amyas Crale, her daughter, Carla Lemarchant, approaches Poirot to investigate the case. Poirot embarks optimistically upon an unprecedented challenge, but soon fears that the case may be as cut and dried as it had first appeared.",Private investigators,"['Private investigators', 'Fiction', 'Mystery', 'Murder', 'Investigation', 'False imprisonment', 'English literature', 'England, fiction']",14578138.0,1942,101
Death in the Clouds,Agatha Christie,4.0,"From seat number nine, Hercule Poirot is almost ideally placed to observe his fellow air travelers on this short flight from Paris to London. Over to his right sits a pretty young woman, clearly infatuated with the man opposite. Ahead, in seat number thirteen, is the Countess of Horbury, horribly addicted to cocaine and not doing too good a job of concealing it. Across the gangway in seat number eight, a writer of detective fiction is being troubled by an aggressive wasp. Yes, Poirot is almost ideally placed to take it all in--except that the passenger in the seat directly behind him has slumped over in the course of the flight ... dead. Murdered. By someone in Poirot's immediate proximity. And Poirot himself must number among the suspects.",Fiction,"['Fiction', 'Juvenile fiction', 'Private investigators', 'Murder', 'Mystery', 'Poirot,Hercule(Fictitious character)', 'Novela policíaca', 'Investigadores privados', 'Novela', 'English literature', 'England, fiction']",11433305.0,1935,103
They Do It with Mirrors,Agatha Christie,4.0,"E-book exclusive extras:1) Christie biographer Charles Osborne's essay on They Do It with Mirrors;2) ""The Marples"": the complete guide to all the cases of crime literature's foremost female detective.A sense of danger pervades the rambling Victorian mansion in which Jane Marple’s friend Carrie Louise lives—and not only because the building doubles as a rehabilitation centre for criminal youths. One inmate attempts, and fails, to shoot dead the administrator. But simultaneously, in another part of the building, a mysterious visitor is less lucky. Miss Marple must employ all her cunning to solve the riddle of the stranger’s visit, and his murder—while protecting her friend from a similarly dreadful fate.The New York Times: ‘No one on either side of the Atlantic does it better.’",Fiction,"['Fiction', 'Women detectives', 'Mystery', 'England, fiction', 'English literature', 'English language']",10249524.0,1952,108
A Murder Is Announced,Agatha Christie,4.0,"The villagers of Chipping Cleghorn, including Jane Marple, are agog with curiosity over an advertisement in the local gazette which read: 'A murder is announced and will take place on Friday October 29th, at Little Paddocks at 6:30 p.m.'  Unable to resist the mysterious invitation, a crowd begins to gather at Little Paddocks at the ppointed time when, without warning, the lights go out . . .",Fiction,"['Fiction', 'Mystery', 'Agatha Christie', 'Miss Marple', 'Series', 'British', 'Amateur', 'Detective', 'Classic', 'Literature', 'Braille', 'Audio-book', 'Party', 'Invitation', 'Crime', 'Murder', 'Suspense', 'Humour', 'Women detectives', 'England, fiction', 'English language', 'Investigation', 'English literature', 'Novela', 'Mujeres detectives']",14578204.0,1950,119
Whose Body?,Dorothy L. Sayers,4.0,"The first of the Lord Peter Wimsey mysteries, in which the suave and witty gentleman foregoes a rare-book auction to investigate the presence of a bespectacled nude body in an architect's bathtub near the Wimsey's Denver estate",Mystery,"['Mystery', 'Detectives', 'Private investigators', 'Fiction', 'Police', 'Classic Literature', 'England, fiction', 'Murder', 'Investigation', 'English literature', 'Crime, fiction']",8311819.0,1923,319
Peril at End House,Agatha Christie,4.0,"E-book exclusive extras:1) Christie biographer Charles Osborne's essay on Peril at End House;2) ""The Poirots"": the complete guide to all the cases of the great Belgian detective.Nick is an unusual name for a pretty young woman. And Nick Buckley has been leading an unusual life of late. First, on a treacherous Cornish hillside, the brakes on her car fail. Then, on a coastal path, a falling boulder misses her by inches. Safe in bed, she is almost crushed by a painting. Upon discovering a bullet hole in Nick’s sun hat, Hercule Poirot (who had come to Cornwall for a simple holiday with his friend Captain Hastings) decides that the girl needs his protection. At the same time, he begins to unravel the mystery of a murder that hasn't been committed. Yet.Times Literary Supplement: 'Ingenious.'",Fiction,"['Fiction', 'Mystery', 'Private investigators', 'English literature', 'English language', 'England, fiction', 'Detectives']",12996556.0,1932,107
Evil Under the Sun,Agatha Christie,4.0,"Set at the Jolly Roger, a posh vacation resort for the rich and famous on the southern coast of England, Evil Under the Sun is one of Agatha Christie’s most intriguing mysteries. When a gorgeous young bride is brutally strangled to death on the beach, only Hercule Poirot can sift through the secrets that shroud each of the guests and unravel the macabre mystery at this playground by the sea.",Private investigators,"['Private investigators', 'Detectives', 'Fiction', 'Belgians', 'Mystery', 'English literature', 'Murder', 'Investigation', 'England, fiction', 'English language', 'Novela']",13671433.0,1941,114
The Sittaford Mystery,Agatha Christie,4.0,"M-U-R-D-E-R. It began as an innocent parlor game intended to while away the hours on a bitter winter night.

But the message that appeared before the amateur occultists at the snowbound Sittaford House was spelled out as loud and clear as a scream. Of course, the notion that they had foretold doom was pure bunk. Wasn't it? And the discovery of a corpse was pure coincidence. Wasn't it? If they're to discover the answer to this baffling murder, perhaps they should play again. But a journey into the spirit world could prove terribly dangerous-especially when the killer is lurking in this one.

NOTE: This book is the same as The Sittaford Mystery",Murder,"['Murder', 'Fiction', 'Mystery', 'Seances', 'Private investigators', 'Investigation', 'Crime, fiction', 'Fiction, suspense', 'Indoor games', 'Psychic readings', 'English literature', 'Romans, nouvelles', 'Meurtre', 'England, fiction']",13151831.0,1931,84
The moving finger,Agatha Christie,4.0,"The placid village of Lymstock seems the perfect place for Jerry Burton to recuperate from his accident under the care of his sister, Joanna. But soon a series of vicious poison-pen letters destroys the village's quiet charm, eventually causing one recipient to commit suicide. The vicar, the doctor, the servants—all are on the verge of accusing one another when help arrives from an unexpected quarter. The vicar's houseguest happens to be none other than Jane Marple.",Fiction,"['Fiction', 'Women detectives', 'English fiction', 'Mystery', 'Anonymous letters', 'Gossip', 'Novela policiaca', 'English literature', 'Romans, nouvelles', 'England, fiction']",13672855.0,1942,109
Poirot investigates,Agatha Christie,4.0,"in published order, the first 10 Christie mystery books featuring Poirot are: 1) The Mysterious Affair at Styles, 2) The Murder on the Links, 3) Poirot Investigates, 4) The Murder of Roger Ackroyd, 5) The Big Four, 6) The Mystery of the Blue Train, 7) Black Coffee: A Mystery Play in Three Acts [Charles Osborne novelized the play in 1998 under the title, Black Coffee], 8) Peril at End House, 9) Lord Edgware Dies, and 10) Murder on the Orient Express. Each has its own entry on Goodreads.",Private investigators,"['Private investigators', 'Belgians', 'Fiction', 'Historical Fiction', 'Mystery', 'Romance', 'England, fiction', 'Fiction, crime', 'Murder', 'Investigation', 'Meurtre', 'Romans, nouvelles', 'Enquêtes', 'Fiction, general', 'Social sciences']",13670505.0,1924,205
Lord Edgware Dies,Agatha Christie,4.0,"Poirot had been present when Jane bragged of her plan to 'get rid of' her estranged husband.  Now the monstrous man was dead, but how could Jane have stabbed Lord Edgware to death in his library at exactly the same time she was seen dining with friends?  And what could be her motive now that the aristocrat had vinally granted her a divorce?",Private investigators,"['Private investigators', 'Fiction', 'Mystery', 'Juvenile literature', 'Investigadores privados', 'Detectives privados', 'Novela', 'Ficcio n.', 'Ficción', 'England, fiction', 'Detektiv', 'Mord', 'Schauspielerin', 'Tatverdacht', 'English literature', 'Roman policier']",9492111.0,1933,106
The Big Four,Agatha Christie,4.0,"They are a vicious international quartet of criminals known as ""The Big Four"". Number One was a brilliant Chinese, the greatest criminal brain of all time; Number Two was a USAmerican multi-millionaire; Number Three was a beautiful Frenchwoman scientist; and Number Four was ""the destroyer,"" the ruthless murderer with a genius for disguise, whose business it was to remove those who interfered with his masters plans. These four, working together, is a partnership with one simple goal, establish world dominance with murders.

Belgian detective Hercule Poirot was preparing for a voyage to South America when an uninvited guest, coated from head to foot in mud, stood at his doorway, collapsed, then recovered long enough to scribble the number four on a piece of paper. Now, ""The Big Four"" pursues eliminate the only man who can foil them: Hercule Poirot. It's up to Poirot and his faithful assistant Hastings to follow the clues and stop the deadly cabal from achieving its devastating end. But do they really avoid the Grim Reaper? In the most dangerous case of his career, the little detective will not be diverted by poison, a falling tree, electrocution, or a hit-and-run. Poirot appears to meet his end when a bomb explodes in his apartment. Hastings, devastated, vows to avenge him--but can he succeed without Poirot?",Fiction,"['Fiction', 'Mystery', 'Private investigators', 'English literature', 'England, fiction', 'Détectives', 'Romans, nouvelles', 'Crime', 'Parodies, imitations']",12996529.0,1927,111
The Mysterious Stranger,Mark Twain,4.0,"*The Mysterious Stranger* is a novel attempted by the American author Mark Twain. He worked on it intermittently from 1897 through 1908. Twain wrote multiple versions of the story; each involves a supernatural character called ""Satan"" or ""No. 44"". All the versions remained unfinished (with the exception of the last one, No. 44, *the Mysterious Stranger).*",Fiction,"['Fiction', 'Manuscripts', 'Devil', 'Austria, fiction', 'Juvenile fiction', 'Middle Ages']",9173884.0,1916,82
Cards on the Table,Agatha Christie,4.0,"It was the match-up of the century: four sleuths--Superintendent Battle of Scotland Yard; Mrs. Ariadne Oliver, famed writer of detective stories; Col. Race of His Majesty's Secret Service; and the incomparable Hercule Poirot - invited to play bridge with four specially invited guests, each of whom had gotten away with murder! But before the first rubber was completed, the host was dead.",Fiction,"['Fiction', 'Private investigators', 'Mystery', 'English literature', 'England, fiction', 'Foreign relations']",6469172.0,1936,98
The Murder at the Vicarage,Agatha Christie,4.0,"***Murder at the Vicarage (1930)is the first Miss Marple mystery book by Agatha Christie.***  Miss Jane Marple is a village busybody who applies human nature to crimes. Colonel Protheroe, magistrate universally despised, was shot in his study, unheard. His wife Anne admits newly arrived artist Lawrence Redding is an old flame, and both confess to murder. **The local inspector and Miss Marple sort through to the truth.**

***The murder of Colonel Protheroe shocks the town of St. Mary Mead, where the main entertainment is tea and gossip.*** Among the neighbors of St. Mary Mead, the most meddlesome, observant and shrewd person is Miss Marple. His intervention will be decisive in the resolution of a crime for which there are no suspects.

***Death in the vicarage, published in 1930, was the first appearance of one of the most important characters in the work of Agatha Christie, the spinster and insightful Miss Marple, whose cases have been adapted several times both to the cinema and in Form of television series.***",Women detectives,"['Women detectives', 'Fiction', 'Classic', 'Literature', 'Audiobook', 'Braile', 'DVD', 'Murder', 'Mystery', 'Humour', 'Investigation', 'England, fiction', 'English literature', 'Tłumaczenia polskie', 'Roman policier', 'Private investigators']",12996560.0,1930,118
Murder in Three Acts,Agatha Christie,4.0,"Sir Charles Cartwright should have known better than to allow thirteen guests to sit down for dinner. For at the end of the evening one of them is dead—choked by a cocktail that contained no trace of poison.

Predictable, says Hercule Poirot, the great detective. But entirely unpredictable is that he can find absolutely no motive for murder.…",Fiction,"['Fiction', 'Murder', 'Private investigators', 'Investigation', 'Mystery', 'English literature', 'Actors', 'Literatura inglesa', 'Romance policial', 'England, fiction']",6874620.0,1934,100
Elephants Can Remember,Agatha Christie,4.0,"E-book exclusive extras:1) Christie biographer Charles Osborne's essay on Elephants Can Remember;2) ""The Poirots"":  the complete guide to all the cases of the great Belgian detective.""The Ravenscrofts didn’t seem that kind of person. They seemed well balanced and placid…"" And yet, twelve years earlier, the husband had shot the wife, and then himself — or perhaps it was the other way around, since sets of both of their fingerprints were on the gun, and the gun had fallen between them. The case haunts Ariadne Oliver, who had been a friend of the couple. The famous mystery novelist desires this real-life mystery solved, and calls upon Hercule Poirot to help her do so. Poirot is now a very old man, but his mind is as nimble and as sharp as ever and can still penetrate deep into the shadows. But as Poirot and Mrs Oliver and Superintendent Spence reopen the long-closed case, a startling discovery awaits them. And if memory serves Poirot (and it does!), crime — like history — has a tendency to repeat itself.",Fiction,"['Fiction', 'Mystery', 'Private investigators', 'Astronautics', 'Mice', 'English fiction', 'Murder', 'Investigation', 'English literature', 'England, fiction', 'Détectives', 'Romans, nouvelles']",11165070.0,1969,99
The Mirror Crack'd from Side to Side,Agatha Christie,4.0,"E-book exclusive extras:1) Christie biographer Charles Osborne's essay on The Mirror Crack'd from Side to Side;2) ""The Marples"": the complete guide to all the cases of crime literature's foremost female detective.The quaint village of St Mary Mead has been glamourized by the presence of screen queen Marina Gregg, who has taken up residence in preparation for her comeback. But when a local fan is poisoned, Marina finds herself starring in a real-life mystery—supported with scene-stealing aplomb by Jane Marple, who suspects that the lethal cocktail was intended for someone else. But who? If it was meant for Marina, then why? And before the final fade-out, who else from St Mary Mead’s cast of seemingly innocent characters is going to be eliminated?",Fiction,"['Fiction', 'Mystery', 'Women detectives', 'Romance Ingles', 'England, fiction', 'English literature', 'English language', 'Mystery fiction', 'Romans, nouvelles']",10561150.0,1960,111
Appointment with Death,Agatha Christie,4.0,"Agatha Christie set this book in Jerusalem. An english family headed by a bullying overbearing mother is murdered. Suspicion falls on members of the family, so Poirot steps in to investigate.",Belgians,"['Belgians', 'Fiction', 'Fiction inEnglish', 'Private investigators', 'Americans', 'Mystery', 'Novela policíaca', 'Ficción', 'Israel, fiction', 'Jerusalem, fiction', 'English fiction', 'English literature']",14561660.0,1938,103
After the Funeral,Agatha Christie,4.0,"When Cora is savagely murdered with a hatchet, the extraordinary remark she made the previous day at her brother Richard's funeral suddenly takes on a chilling significance. At the reading of Richard's will, Cora was clearly heard to say: 'It's been hushed up very nicely, hasn't it. But he was murdered, wasn't he?' In desperation, the family solicitor turns to Hercule Poirot to unravel the mystery.",Fiction,"['Fiction', 'Mystery', 'Private investigators', 'Belgians', 'England, fiction', 'Belgium, fiction', 'Fiction, crime', 'English literature', 'Détectives', 'Romans, nouvelles']",12996535.0,1953,109
The Seven Dials Mystery,Agatha Christie,4.0,"Brings back several characters from an earlier novel, *The Secret of Chimneys*, in a story that can best be described as a John Buchan thriller told by P.G. Wodehouse. (https://agathachristie.fandom.com/wiki/The_Seven_Dials_Mystery)

Consummate young silly ass Gerry Wade is the despair of hosts and hostesses across the land, with his inability to make it to breakfast before the eggs are congealed, the toast has wilted and the coffee has grown chill and distinctly unwelcoming. And so, a small group of sundry other young silly-asses and interchangeable girls decide that a good, stiff dose of eight fine alarum clocks would be just the thing to spring him, yelling, from his bed in the early hours. This plan, however, fails signally to work, for the very good reason that Gerry is far too dead to be roused by anything quieter than the Last Trump.
This discovery both puts a dampener on the house party and raises some questions. Why would a notoriously heavy sleeper die of an overdose of a sleeping draught? And why are there only seven of the eight clocks found in the bedroom, neatly and sinisterly arranged on the mantelpiece as though to convey some message?
Lady Eileen ‘Bundle’ Brent and friends are shortly to find out… (https://alackofconsensus.wordpress.com/2018/03/07/review-the-seven-dials-mystery-by-agatha-christie/)",Fiction,"['Fiction', 'Mystery', 'Police', 'Private investigators', 'Adventure', 'Alarm clocks', 'English literature', 'England, fiction', 'Detectives']",14575632.0,1929,81
At Bertram's Hotel,Agatha Christie,4.0,"**An old-fashioned London Hotel is not quite as reputable as it makes out… When Miss Marple comes up from the country for a holiday in London, she finds what she’s looking for at Bertram’s Hotel: traditional decor, impeccable service and an unmistakable atmosphere of danger behind the highly polished veneer. Yet, not even Miss Marple can foresee the violent chain of events set in motion when an eccentric guest makes his way to the airport on the wrong day…**",Fiction,"['Fiction', 'Women detectives', 'Older women', 'History', 'Hotels', 'Mystery', 'Mystery fiction', 'England, fiction', 'English literature']",6379981.0,1965,108
The Secret of Chimneys,Agatha Christie,4.0,"A bit of adventure and quick cash is all that good-natured drifter Anthony Cade is looking for when he accepts a messenger job from an old friend. It sounds so simple: deliver the provocative memoirs of a recently deceased European count to a London publisher. Little did Anthony suspect that a simple errand to deliver the manuscript on behalf of his friend would drop him right in the middle of an international conspiracy, and he begins to realize that it has placed him in serious danger. Why were Count Stylptich's memoirs so important? And what was ""King Victor"" really after? The parcel holds ore than scandalous royal secrets - because it contains a stash of letters that suggest blackmail. Someone would stop at nothing to prevent the monarchy being restored in faraway Herzoslovakia.

Wherever ravishing Virginia Revel went, death seemed sure to follow. First her husband died. The next to perish was a foreign prince whose ruthless power was matched by his scandalous passions. Then a bungling blackmailer followed them into the grave. Murder, blackmail, stolen letters, and a fabulous missing jewel: all under the not always co-operative eyes of Scotland Yard and the Surete. All threads lead to Chimneys, one of England's historic country house estates, where a master murderer mingled with the aristocratic guests. Virginia could turn to only one person to prove her innocence and end her nightmare, and she could only pray that she had not put her life into the hands of the man who was out to take it....

This novel was published in 1925 by Bodley Head in London, and by Dodd, Mead & Co. in New York. The Times Literary Supplement described it as ""a thick fog of mystery, cross purposes, and romance, which leads up to a most unexpected and highly satisfactory ending"".Chimneys was adapted by Christie as a stage play but was not performed until 2003, in Canada. It was filmed with the addition of Julia McKenzie as Miss Marple by ITV in 2009.",Fiction,"['Fiction', 'Mystery', 'Murder', 'Investigation', 'Conspiracies', 'Manors', 'English literature']",12996574.0,1925,112
The Body in the Library,Agatha Christie,4.0,"The very-respectable Colonel and Mrs Bantry have awakened to discover the body of a young woman in their library. She is wearing evening dress and heavy make-up, which is now smeared across her cold cheeks. But who is she? How did she get there? And what is her connection with another dead girl, whose charred remains are later discovered in an abandoned quarry? The Bantrys turn to Miss Marple to solve the mystery.",Fiction,"['Fiction', 'Mystery', 'Women detectives', 'Agatha Christie', 'Miss Marple', 'Series', 'British', 'Female', 'Amateur', 'Detective', 'Classic', 'Literature', 'Audiobook', 'Murder', 'Suspense', 'Humour', 'Mujeres detectives', 'Ficcion', 'Policier', 'English language', 'English literature', 'England, fiction', 'Romans, nouvelles', 'Excavations (Archaeology)', 'Antiquities', 'Romans policiers']",12855259.0,1942,111
The Murder of Roger Ackroyd,Agatha Christie,4.0,"Belgian Inspector Hercule Poirot has retired to the countryside in the small English village of King's Abbot. Dr. Sheppard, observing his new neighbor, is sure that he must be a former hairdresser. But the brutal murder of a local squire reveals the truth: the peculiar little man is actually a detective par excellence. The Murder of the wealthy industrialist Roger Ackroyd begins the night before with the suicide of Mrs. Ferrars, a wealthy widow. Her death is believed to be an accident, until Roger Ackroyd is stabbed to death in his locked study. There are rumors she poisoned her first husband, rumors that she was being blackmailed, rumors that her secret lover was Roger Ackroyd, a man who knew too much, but no one is sure.
 
There's no shortage of suspects, all the members of the household stand to gain from his death, from Roger's neurotic sister-in-law who has accumulated personal debts, to a parlormaid with an uncertain history who resigned her post the afternoon of the murder. But the police focus on Ralph Paton, Ackroyd's stepson and heir, and the person with the most to gain from Roger's death. When sleuth Hercule Poirot, who is living quietly in King's Abbot, agrees to investigate, the case takes a completely different turn. Poirot exonerates all of the original suspects, and lays out a completely reasoned case that the clever and devious murderer is someone who had not come under suspicion at all - someone whose motive has nothing to do with money.
([source][1])


----------
Also contained in:

 - [Five Classic Murder Mysteries](https://openlibrary.org/works/OL471533W)
 - [Masterpieces of Murder](https://openlibrary.org/works/OL471974W)
 - [More Stories to Remember: Volume II](https://openlibrary.org/works/OL15146874W)
 - [The Murder of Roger Ackroyd / The Mystery of the Blue Train / Dumb Witness / Death on the Nile](https://openlibrary.org/works/OL20909872W)
 - [Murders to die for](https://openlibrary.org/works/OL27311029W)
 - [Novels](https://openlibrary.org/works/OL24535152W)
 - [Novels](https://openlibrary.org/works/OL26432485W)
 - [Works](https://openlibrary.org/works/OL17307260W/Works)

  [1]: https://www.agathachristie.com/stories/the-murder-of-roger-ackroyd",detective fiction,"['detective fiction', 'mystery', 'murder', 'investigation', 'victim', 'Private investigators', 'Fiction', 'historical fiction', 'crime fiction', 'Unreliable Narrator', 'Belgians', 'Investigadores privados', 'Novela policíaca', 'Ficción', 'England, fiction', 'Graphic novels', 'Meurtre', 'Romans, nouvelles', 'Enquêtes', 'Détectives', 'Novela', 'Detectives privados', 'Asesinato', 'Spanish fiction', 'Roman espagnol', 'English literature', 'Fiction, general', 'Roman policier', 'Tradition (Theology)', 'Church polity']",13151356.0,1926,205
The Secret Adversary,Agatha Christie,4.0,"Tommy Beresford and Prudence 'Tuppence' Cowley are young, in love… and flat broke. Just after Great War, there are few jobs available and the couple are desperately short of money. Restless for excitement, they decide to embark on a daring business scheme: Young Adventurers Ltd.—""willing to do anything, go anywhere."" Hiring themselves out proves to be a smart move for the couple. In their first assignment for the mysterious Mr. Whittingtont, all Tuppence has to do in their first job is take an all-expense paid trip to Paris and pose as an American named Jane Finn. But with the assignment comes a bribe to keep quiet, a threat to her life, and the disappearance of her new employer. Now their newest job are playing detective.

Where is the real Jane Finn? The mere mention of her name produces a very strange reaction all over London. So strange, in fact, that they decided to find this mysterious missing lady. She has been missing for five years. And neither her body nor the secret documents she was carrying have ever been found. Now post-war England's economic recovery depends on finding her and getting the papers back. But he two young working undercover for the British ministry know only that her name and the only photo of her is in the hands of her rich American cousin. It isn’t long before they find themselves plunged into more danger than they ever could have imagined—a danger that could put an abrupt end to their business… and their lives.",Classic Literature,"['Classic Literature', 'English language', 'Fiction', 'Married people', 'Murder', 'Mystery', 'Private investigators', 'Problems, exercises', 'Report writing', 'Rhetoric', 'Women detectives', 'College readers', 'Youth', 'Adventure stories', 'Missing persons', 'England, fiction', 'English literature', 'Fiction, general', 'Détectives', 'Romans, nouvelles', 'Investigadores privados', 'Novela']",14590159.0,1922,735
The A.B.C. Murders,Agatha Christie,4.0,"There's a serial killer on the loose, bent on working his way though the alphabet.  There seems little chance of the murderer being caught - until her makes the crucial and vain mistake of challenging Hercule Poirot to frustrate his plans . . .",Fiction,"['Fiction', 'Mystery', 'Agatha Christie', 'Series', '#13', 'Classic', 'British', 'Literature', 'Stories', 'Detective', 'P.I.', 'Private investigator', 'Serial murders', 'Suspense', 'Humour', 'Humorous', 'Novela', 'Asesinatos seriales', 'Investigadores privados', 'Private investigators', 'Belgians', 'Ficción', 'England, fiction', 'English literature', 'English language']",14573514.0,1936,132
The Clocks,Agatha Christie,4.0,"Sheila Webb, typist-for-hire, has arrived at 19 Wilbraham Crescent in the seaside town of Crowdean to accept a new job. What she finds is a well-dressed corpse surrounded by five clocks. Mrs Pebmarsh, the blind owner of No. 19, denies all knowledge of ringing Sheila’s secretarial agency and asking for her by name — yet someone did. Nor does she own that many clocks. And neither woman seems to know the victim. Colin Lamb, a young intelligence specialist working a case of his own at the nearby naval yard, happens to be on the scene at the time of Sheila Webb’s ghastly discovery. Lamb knows of only one man who can properly investigate a crime as bizarre and baffling as what happened inside No. 19 — his friend and mentor, Hercule Poirot.",Fiction,"['Fiction', 'Mystery', 'Private investigators', 'England, fiction', 'Murder', 'Investigation', 'English literature', 'Borowitz Collection']",12996554.0,1963,91
Nemesis,Agatha Christie,4.0,"E-book exclusive extras:1) Christie biographer Charles Osborne's essay on Nemesis;2) ""The Marples"": the complete guide to all the cases of crime literature's foremost female detective.Even the unflappable Miss Marple is astounded as she reads the letter addressed to her on instructions from the recently deceased tycoon Mr Jason Rafiel, whom she had met on holiday in the West Indies (A Caribbean Mystery). Recognising in her a natural flair for justice and a genius for crime-solving, Mr Rafiel has bequeathed to Miss Marple a £20,000 legacy—and a legacy of an entirely different sort. For he has asked Miss Marple to investigate…his own murder. The only problem is, Mr Rafiel has failed to name a suspect or suspects. And, whoever they are, they will certainly be determined to thwart Miss Marple’s inquiries—no matter what it will take to stop her.Of note: Nemesis is the last Jane Marple mystery that Agatha Christie wrote—though not the last Marple published.",Fiction,"['Fiction', 'Mystery', 'Women detectives', 'English literature', 'England, fiction']",10249139.0,1970,99
L'Île mystérieuse,Jules Verne,4.0,"This sequel to ""20,000 Leagues Under The Sea"" doesn't advertise itself as such.  Most of the book concerns the efforts of a group of hot-air balloon castaways in the south Pacific ocean attempting to use modern knowledge in order to survive in near-desert-island conditions.  ""Robinson Crusoe"" (Defoe, 1719) started a trend of survival tales that lasts in some respects to this day and ""Island"" (1874) is Verne's contribution to that body of work.  In my estimate, no film so far has done this book justice.",Fiction,"['Fiction', 'Science fiction', 'Islands', 'Balloons', 'Shipwrecks', 'French fiction', 'Castaways', 'Survival', 'Adventure stories', 'Fiction, suspense', 'Romance literature', 'Littérature française', 'Aventures', 'Romans', 'Roman français', ""Children's fiction"", 'Island life']",1277096.0,1870,83
Curtain,Agatha Christie,4.0,"wheelchair-bound Poirot returns to Styles, the venue of his first investigation, where he knows another murder is going to take place…

The house guests at Styles seemed perfectly pleasant to Captain Hastings; there was his own daughter Judith, an inoffensive ornithologist called Norton, dashing Mr Allerton, brittle Miss Cole, Doctor Franklin and his fragile wife Barbara , Nurse Craven, Colonel Luttrell and his charming wife, Daisy, and the charismatic Boyd-Carrington.

So Hastings was shocked to learn from Hercule Poirot’s declaration that one of them was a five-times murderer. True, the ageing detective was crippled with arthritis, but had his deductive instincts finally deserted him?…",Fiction,"['Fiction', 'Private investigators', 'Murderers', 'Country homes', 'English fiction', 'Mystery', 'England, fiction', 'Detectives', 'Détectives', 'Romans, nouvelles', 'Mystery fiction', 'English literature']",12387503.0,1975,105
Dumb Witness,Agatha Christie,4.0,"Emily Arundel changed her will only days before her death, and Hercule Poirot must ""determine which of the victim's disgruntled relatives did not have a motive for murder.""--Cover.",Fiction,"['Fiction', 'Private investigators', 'Mystery', 'Murder', 'Investigation', 'Accidents', 'English literature', 'England, fiction']",14578123.0,1937,90
4:50 from Paddington,Agatha Christie,4.0,"Agatha Christie’s audacious mystery thriller, reissued with a striking new cover designed to appeal to the latest generation of Agatha Christie fans and book lovers.

For an instant the two trains ran together, side by side. In that frozen moment, Elspeth witnessed a murder. Helplessly, she stared out of her carriage window as a man remorselessly tightened his grip around a woman’s throat. The body crumpled. Then the other train drew away.

But who, apart from Miss Marple, would take her story seriously? After all, there were no suspects, no other witnesses… and no corpse.",Fiction,"['Fiction', 'Mystery', 'English literature', 'English language', 'Murder', 'Investigation', 'Meurtre', 'Romans, nouvelles', 'Mystery fiction', 'Homicide', 'England, fiction', 'series:Miss_Marple', 'Women detectives']",13151352.0,1957,131
Hallowe'en Party,Agatha Christie,4.0,"Mystery writer Ariadne Oliver has been invited to a Hallowe’en party at Woodleigh Common. One of the other guests is an adolescent girl known for telling tall tales of murder and intrigue -- and for being generally unpleasant. But when the girl, Joyce, is found drowned in an apple-bobbing tub, Mrs Oliver wonders after the fictional nature of the girl’s claim that she had once witnessed a murder. Which of the party guests wanted to keep her quiet is a question for Ariadne’s friend Hercule Poirot. But unmasking a killer this Hallowe’en is not going to be easy -- for there isn’t a soul in Woodleigh who believes the late little storyteller was actually murdered.",Fiction,"['Fiction', 'Mystery', 'Murder', 'Murder Mystery', 'Private investigators', 'Senior detectives', 'Drowning victims', 'Murder investigations', 'Halloween', 'Belgian detectives', 'Mystery fiction', 'Parties', 'Detectives', 'English literature', 'England, fiction', 'Détectives', 'Romans, nouvelles', 'Detectives privados', 'Novela']",11160095.0,1969,93
The Daughter of Time,Josephine Tey,4.0,"Inspector Alan Grant of Scotland Yard, recuperating from a broken leg, becomes fascinated with a contemporary portrait of Richard III that bears no resemblance to the Wicked Uncle of history. Could such a sensitive, noble face actually belong to one of the world’s most heinous villains—a venomous hunchback who may have killed his brother’s children to make his crown secure? Or could Richard have been the victim, turned into a monster by the usurpers of England’s throne? Grant determines to find out once and for all, with the help of the British Museum and an American scholar, what kind of man Richard Plantagenet really was and who killed the Little Princes in the Tower.

The Daughter of Time is an ingeniously plotted, beautifully written, and suspenseful tale, a supreme achievement from one of mystery writing’s most gifted masters.",Fiction,"['Fiction', 'Police', 'History', 'Juvenile fiction', 'Hospitals', 'Polia', 'England, fiction']",6485299.0,1951,129
Third Girl,Agatha Christie,4.0,"Three young women share a London flat. The first is a coolly efficient personal secretary; the second an artist. The third interrupts Hercule Poirot's breakfast of 'Brioche' and 'Chocolat' insisting she is a murderer – and then promptly disappears.  Slowly, Poirot learns of the rumours surrounding the mysterious third girl, her family – and her disappearance. Yet hard evidence is needed before the great detective can pronounce her guilty, innocent or insane…",Fiction,"['Fiction', 'Mystery', 'Belgians', 'Juvenile literature', 'Private investigators', 'English Novelists', 'English literature', 'England, fiction', 'Murder', 'Investigation', 'Détectives', 'Romans, nouvelles', 'Belges', 'Meurtre', 'Enquêtes']",14577913.0,1966,89
The book of the damned,Charles Fort,4.0,"The Book of the Damned was the first published nonfiction work of the author Charles Fort (first edition 1919). Dealing with various types of anomalous phenomena including UFOs, strange falls of both organic and inorganic materials from the sky, odd weather patterns, the possible existence of creatures generally held to be mythological, disappearances of people under strange circumstances, and many other phenomena, the book is historically considered to be the first written in the specific field of anomalistics.",Miscellanea,"['Miscellanea', 'Meteorology', 'Astronomy', 'Religion', 'Science', 'Meteorology, miscellanea', 'Astronomy, miscellanea', 'Science, miscellanea', 'Brazilian Cooking']",825884.0,1919,120
Hercule Poirot's Christmas,Agatha Christie,4.0,"On the night before Christmas, cruel, tyrannical, filthy rich Simeon Lee is found in his locked bedroom with his throat cut. Now Hercule Poirot must put his deductive powers to the test to solve one of his most chilling cases - and to prevent a clever killer from spilling more blood.

Also published as Hercule Poirot's Christmas and Murder for Christmas",Private investigators,"['Private investigators', 'Murder', 'Christmas stories', 'Fiction', 'Investigadores privados', 'Navidad', 'Ficción', 'Christmas', 'Mystery', 'English literature', 'England, fiction', 'Fiction, religious']",12855074.0,1939,103
Murder on the Orient Express,Agatha Christie,4.0,"***While en route from Syria to Paris, in the middle of a freezing winter's night, the Orient Express is stopped dead in its tracks by a snowdrift.*** Passengers awake to find the train still stranded and to discover that a wealthy American has been brutally stabbed to death in his private compartment. Incredibly, that compartment is locked from the inside. With no escape into the wintery landscape the killer must still be on board. ***Fortunately, the brilliant Belgian inspector Hercule Poirot is also on board, having booked the last available berth.***

***Murder on the Orient Express is one of Agatha Christie’s most famous novels***, owing no doubt to a combination of its romantic setting and the ingeniousness of its plot; its non-exploitative reference to the sensational kidnapping and murder of the infant son of Charles and Anne Morrow Lindbergh only two years prior; and a popular ***1974 film adaptation, starring Albert Finney as Poirot - one of the few cinematic versions of a Christie work that met with the approval, however mild, of the author herself.***",Agatha Christie,"['Agatha Christie', 'Private investigator', 'P.I.', 'Hercule Poirot', 'Detective', 'Murder', 'Mystery', 'Juvenile', 'Humour', 'Fiction', 'Literature', 'Stories', 'Private investigators', 'Travel', 'Railroad', 'Trains', 'Express trains', 'Orient Express', 'Littérature anglaise', 'Roman anglais', 'Regény', 'Angol irodalom', 'Railroad stories', 'Railroad travel', 'Novela policíaca', 'Ficción', 'Investigation', 'Juvenile fiction', 'French imprints', 'French fiction', 'English fiction', 'English literature', 'Readers', 'Mystery fiction', 'Détectives', 'Romans, nouvelles', 'Meurtre', 'Enquêtes', 'Novela', 'Detectives privados', 'American literature']",11100465.0,1933,221
Crooked House,Agatha Christie,4.0,"Three generations of the Leonides family live together in a large, if somewhat crooked looking, house. Then the wealthy patriarch, Aristide, is murdered. Suspicion falls on the whole household, including Aristide's two sons, his widow – fifty years his junior – and even his three grandchildren. Could any member of this seemingly devoted family have had a hand in his death? Can Charles Hayward, fiance of the late millionaire's granddaughter, help the police find the killer and clear his loved one's name?Christie always acknowledged this novel as one of her favourites. She said in an interview in The Sunday Times that she enjoyed best writing the Crooked House type novel, ""which depends on a family and the interplay of their lives.""",Mystery,"['Mystery', 'Fiction', 'Women detectives', 'Murder', 'Investigation', 'Drama', 'Radio plays', 'Family secrets', 'Film adaptations', 'Juvenile fiction', 'English literature', 'English language', 'England, fiction', 'Family life', 'Homicide', 'Mystery fiction']",14570595.0,1949,109
The Red House Mystery,A. A. Milne,4.0,"This is probably one of the top classics of ""golden age"" detective fiction. Anyone who's read any mystery novels at all will be familiar with the tropes -- an English country house in the first half of the twentieth century, a locked room, a dead body, an amateur sleuth, a helpful sidekick, and all the rest.

It's a clever story, ingenious enough in its way, and an iconic example of Agatha Christie / Dorothy Sayers -type murder mysteries. If you've read more than a few of those kinds of books, you might find this one a little predictable, but it's fun despite that.

It's particularly of note, however, because Raymond Chandler wrote about it extensively in his essay ""The Simple Art of Murder."" After praising it as ""an agreeable book, light, amusing in the Punch style, written with a deceptive smoothness that is not as easy as it looks,"" he proceeds to take it sharply to task for its essential lack of realism. This book -- which Chandler admired to an extent -- was what he saw as the iconic example of what was wrong with the detective fiction of his day, and to which novels like ""The Big Sleep"" or ""The Long Goodbye"", with their hard-boiled, hard-hitting gumshoes and gritty realism, were a direct response.

So this book's worth reading not just because it's ""an agreeable book, light, [and] amusing in the Punch style"", but also because reading it will give a deepened appreciation for the later, more realistic detective fiction of writers like Hammett and Chandler.",Fiction,"['Fiction', 'England, fiction', 'Parodies, imitations', 'Mansions', 'Murder', 'Investigation']",6299936.0,1922,71
"One, Two, Buckle My Shoe",Agatha Christie,4.0,"The dentist was found with a blackened hole below his right temple. A pistol lay on the floor near his outflung right hand. Later, one of his patients was found dead from a lethal dose of local anaesthetic. A clear case of murder and suicide. But why would a dentist commit a crime in the middle of a busy day of appointments? A shoe buckle holds the key to the mystery. Now – in the words of the rhyme – can Poirot pick up the sticks and lay them straight?",Fiction,"['Fiction', 'Private investigators', 'Police', 'Mystery', 'Murder', 'Dentists', 'Crimes against', 'English literature', 'Détectives', 'Romans, nouvelles', 'England, fiction']",14586349.0,1940,98
Murder on the Links,Agatha Christie,4.0,"Belgian detective Hercule Poirot is summoned to France after receiving a distressing letter with a urgent cry for help. Upon his arrival in Merlinville-sur-Mer, the investigator finds the man who penned the letter, the South American millionaire Monsieur Renauld, stabbed to death and his body flung into a freshly dug open grave on the golf course adjoining the property. Meanwhile the millionaire's wife is found bound and gagged in her room. Apparently, it seems that Renauld and his wife were victims of a failed break-in, resulting in Renauld's kidnapping and death.

There's no lack of suspects: his wife, whose dagger served as the weapon; his embittered son, who would have killed for independence; and his mistress, who refused to be ignored - and each felt deserving of the dead man's fortune. The police think they've found the cumprit. But Poirot has his doubts. Why is the dead man wearing an overcoat that is too big for him? And who was the impassioned love-letter in the pocket for? Before Poirot can answer these questions, the case is turned upside down by the discovery of a second, identically murdered corpse...",Fiction,"['Fiction', 'Private investigators', 'Murder', 'Investigation', 'Mystery', 'Golf courses', 'English literature', 'Identity', 'English fiction', 'England, fiction', 'Private investigators--England--Fiction', 'Fiction, general', 'Borowitz Collection']",14582832.0,1923,261
Flatland,Edwin Abbott Abbott,4.0,"Flatland: A Romance of Many Dimensions, though written in 1884, is still considered useful in thinking about multiple dimensions. It is also seen as a satirical depiction of Victorian society and its hierarchies. A square, who is a resident of the two-dimensional Flatland, dreams of the one-dimensional Lineland. He attempts to convince the monarch of Lineland of the possibility of another dimension, but the monarch cannot see outside the line. The square is then visited himself by a Sphere from three-dimensional Spaceland, who must show the square Spaceland before he can conceive it. As more dimensions enter the scene, the story's discussion of fixed thought and the kind of inhuman action which accompanies it intensifies.",Fourth dimension,"['Fourth dimension', 'Fiction, general', 'Denkbeeldige landen', 'Meetkunde', 'Science Fiction', 'Geometry', 'Film adaptations', 'Fiction', 'Imaginary places', 'Historical Fiction', 'Mathematics', 'Classic Literature', 'Specimens', 'Dimension 4.', 'Readers (Secondary)', 'Examinations', 'Vocabulary tests', 'Study guides', 'English language', 'England, fiction', 'Spirituality', 'Spiritual life', 'Sphere', 'Expanding universe', 'Drama', 'Utopias', 'homeschool curriculum', 'learn math', 'Physics', 'World literature', 'Fiction subjects']",10069547.0,1884,544
Phantastes,George MacDonald,4.0,"One of George MacDonald's most important works, Phantastes is the story of a young man named Anotos and his long dreamlike journey in Fairy Land. It is the fairy tale of deep spiritual insight as Anotos makes his way through moments of uncertainty and peril and mistakes that can have irreversible consequences. This is also his spiritual quest that is destined to end with the supreme surrender of the self. When he finally experiences the hard-won surrender, a wave of joy overwhelms him. His intense personal introspection is honest as he is offered the full range of symbolic choices--great beauty, horrifying ugliness, irritating goblins, nurturing spirits. Each confrontation in Fairy Land allows Anotos to learn many necessary lessons. As he continues on the journey, many shadowy beings threaten his spiritual well-being and compel him to sing. The songs are irresistible to a beautiful White Lady who is freed from inside a statue by the music, and Anotos remains captivated by her for a long time. He sees the world more objectively; his trek invites a natural descent into feelings of pride and egotism. But his losses and sorrows coalesce themselves into things of grace, and these experiences help his spiritual growth.     Please Note:  This book has been reformatted to be easy to read in true text, not scanned images that can sometimes be difficult to decipher.  The Microsoft eBook has a contents page linked to the chapter headings for easy navigation. The Adobe eBook has bookmarks at chapter headings and is printable up to two full copies per year.  Both versions are text searchable.",Fairy tales,"['Fairy tales', 'Classic Literature', 'Fantasy', 'Fiction', 'English literature', 'Fairies', 'Scottish authors', 'Fantasy fiction', 'Fiction, general']",14358814.0,1850,417
Lilith,George MacDonald,4.0,"Lilith, written by the father of fantasy literature, George MacDonald, was first published in 1895. Its importance was recognized in its later revival in paperback by Ballantine Books as the fifth volume of the celebrated Ballantine Adult Fantasy series in September, 1969. Lilith is considered among the darkest of MacDonald's works, and among the most profound. It is a story concerning the nature of life, death and salvation. Many believe MacDonald is arguing for Christian universalism, or the idea that all will eventually be saved.","Fiction, general","['Fiction, general', 'Non-Classifiable', 'General', 'Christian fiction']",14364546.0,1895,403
The Blithedale Romance,Nathaniel Hawthorne,4.0,"A superb depiction of a utopian community that cannot survive the individual passions of its members. In language that is suggestive and often erotic, Nathaniel Hawthorne tells a tale of failed possibilities and multiple personal betrayals as he explores the contrasts between what his characters espouse and what they actually experience in an 'ideal' community. A theme of unrealized sexual possibilities serves as a counterpoint to the other failures at Blithedale: class and sex distinctions are not eradicated, and communal work on the farm proves personally unrewarding and economically disastrous. Based in part on Hawthorne's own experiences at Brook Farm, an experimental socialist community, The Blithedale Romance is especially timely in light of renewed interest in self-sufficient and other cooperative societies.",Fiction,"['Fiction', 'Communal living', 'Farm life', 'Collective farms', 'History', 'Utopias', 'Sources', 'Collective settlements', 'Classic Literature', 'Literature', 'Psychological fiction', 'open_syllabus_project', 'Fiction, psychological', 'Massachusetts, fiction', 'Fiction, general', 'Roman américain', 'Collective settlements--history--sources', 'Communal living--fiction', 'Collective farms--fiction', 'Farm life--fiction', 'Social conditions', '813/.3']",8245179.0,1852,103
Pygmalion,George Bernard Shaw,4.0,"Pygmalion is a play by George Bernard Shaw, named after a Greek mythological figure. It was first presented on stage to the public in 1913.

----------		
Also contained in:		
		

 - [Collected Plays with their Prefaces: Volume IV](https://openlibrary.org/works/OL24714049W)
 - [Complete Plays with Prefaces: Volume I](https://openlibrary.org/works/OL15835450W)		
 - [Four Plays by Bernard Shaw][1]		
 - [Plays](https://openlibrary.org/works/OL15241070W/The_Complete_Plays_of_Bernard_Shaw)		
 - [Portable Bernard Shaw](https://openlibrary.org/works/OL1066402W/The_Portable_Bernard_Shaw)		
 - [Pygmalion and Major Barbara][2]		
 - [Pygmalion and My Fair Lady][3]		
 - [Pygmalion and Related Readings][4]
 - [Pygmalion and Three Other Plays](https://openlibrary.org/works/OL15013904W)
 - [Pygmalion with Connections](https://openlibrary.org/works/OL1066164W/Pygmalion_with_Connections)		
 - [Selected Plays](https://openlibrary.org/works/OL15241059W)		
 - [Selected Plays with Prefaces](https://openlibrary.org/works/OL20644026W)		
 - [Six Plays](https://openlibrary.org/works/OL17986328W)		
			
[1]: https://openlibrary.org/works/OL1066032W/Four_Plays_by_Bernard_Shaw		
[2]: https://openlibrary.org/works/OL1066354W/Pygmalion_Major_Barbara		
[3]: https://openlibrary.org/works/OL15013928W/Pygmalion_My_Fair_Lady		
[4]: https://openlibrary.org/works/OL8049503W/Pygmalion_and_Related_Readings",Drama,"['Drama', 'Flower vending', 'Linguistics teachers', 'Social classes', 'Man-woman relationships', 'open_syllabus_project', 'German', 'Dictionaries', 'English language', 'Comedies']",9267223.0,1912,142
Ivanhoe,Sir Walter Scott,4.0,"The father of the historical novel, Sir Walter Scott invented a literary form that has remained popular for over one hundred and fifty years. Infusing his works with romance, action, and suspense, he brought long-gone eras back to life with splendor and spectacle.Set in England just after the Third Crusade, Ivanhoe is the tale of Wilfrid, a young Saxon knight, and his love for the royal princess Rowena. With his father against their union, Wilfrid embarks on a series of adventures to prove his worth, finding himself in conflict against the Normans and the Templars, and allied with such larger-than-life figures as Robin Hood and Richard the Lion Hearted. A timeless story of courage, chivalry, and courtly love, Ivanhoe is a grand epic, and its place in classical literature is assured.",Fiction,"['Fiction', 'History', 'Jews', 'Anglo-Saxons', 'Juvenile fiction', 'Normans', 'Readers', 'Chivalry', 'German language', 'Crusades', 'English literature', 'French literature', 'Medieval Civilization', 'Classic Literature', 'Jews, fiction', 'England, fiction', 'Fiction, historical', 'Templars', 'Historical fiction', ""Children's fiction""]",314235.0,1800,228
The Moonstone,Wilkie Collins,4.0,"One of the first English detective novels, this mystery involves the disappearance of a valuable diamond, originally stolen from a Hindu idol, given to a young woman on her eighteenth birthday, and then stolen again. A classic of 19th-century literature.",Fiction,"['Fiction', 'Jewelry theft', 'East Indians', 'Police', 'Drama', 'History', 'Readers', 'English fiction', 'Country homes', 'Diamonds', 'Young women', 'Juvenile literature', 'Upper class', 'Classic Literature', 'Mystery fiction', 'England, fiction', 'Murder', 'Moonstones', 'Literature', 'Dictionaries', 'English language', 'French', 'Spanish', 'William', 'Wilkie', 'Collins', 'Bantam', 'Classics', 'The Moonstone', 'Romance', 'Mystery Crime', 'Swords', 'Poison', 'Thievery', 'Kidnapping', 'Hypnotism', 'Fear', 'Joy', 'Compassion', 'Anger', 'Death', 'Crime, fiction', 'English literature', 'Fiction, crime', 'Juvenile fiction', 'Chinese speakers', ""Children's fiction"", 'Romans, nouvelles', 'Histoire', 'General', 'Malicious accusation', 'Jaw', 'Injuries', 'Operative Dentistry']",8237041.0,1868,636
Tender is the Night,F. Scott Fitzgerald,4.0,"A psychiatrist, Dick Diver, treats and eventually marries a wealthy patient, Nicole.  Eventually, this marriage destroys him.",Fiction,"['Fiction', 'Psychiatrists', 'Wealth', 'Facsimiles', 'American Manuscripts', 'Manuscripts', 'Literature', 'Psychological fiction', 'Love stories', 'The Arts', 'French', 'Literature: Classics', 'USA', 'Classics', '(Francis Scott),', '1896-1940', 'Manuscripts, American', 'Historical fiction', 'Romance fiction', 'Psychiatrists, fiction', 'France, fiction', 'Fiction, psychological', 'English', 'Modern Literature', 'American fiction', 'English fiction', 'Psychology', 'Popular Work', 'Richesse', 'Romans, nouvelles', 'Aspect moral', 'Psychiatres', 'Fiction, general', ""Histoires d'amour"", 'American literature', 'Fiction, classics', 'English literature']",6984433.0,1933,312
The Scarlet Letter,Nathaniel Hawthorne,4.0,"A stark and allegorical tale of adultery, guilt, and social repression in Puritan New England, The Scarlet Letter is a foundational work of American literature. Nathaniel Hawthorne's exploration of the dichotomy between the public and private self, internal passion and external convention, gives us the unforgettable Hester Prynne, who discovers strength in the face of ostracism and emerges as a heroine ahead of her time.",Fiction,"['Fiction', 'Puritans', 'History', 'Adultery', 'Illegitimate children', 'Clergy', 'Married women', 'Revenge', 'Women immigrants', 'American fiction', 'Women', 'Study guides', 'Examinations', 'Juvenile fiction', 'Vocabulary', 'Historical fiction', 'English language', 'Nathaniel Hawthorne', 'Littérature', 'Adultère', 'Femmes', 'Puritains', 'Romans, nouvelles', 'Interpersonal relations', 'Human relations', 'Mortal Sin', 'Illegitimacy', 'Women tailors', 'French', 'Psychological fiction', 'German', 'Spanish', 'American literature', 'Non-Classifiable', ""Children's fiction"", 'Massachusetts, fiction', 'Fiction, historical', 'Clergy, fiction', 'Fiction, psychological', 'Fiction, general', 'Reading comprehension', 'Problems, exercises', 'Readers (Adult)', 'Foreign speakers', 'Readers', 'Puritanos', 'Novela', 'Mujeres', 'Adulterio', 'Frau', 'Ehebruch', 'Puritans, fiction', 'Adulteresses', 'Histoire', 'Enfants naturels', 'Immigrantes', 'Femmes mariées', 'Vengeance', 'Clergé', 'Classics', 'Literary', 'Economic policy', 'Economic aspects', 'General', 'Dictionaries']",5654516.0,1850,608
The Invisible Man,H. G. Wells,4.0,"This book is the story of Griffin, a scientist who creates a serum to render himself invisible, and his descent into madness that follows.",Ciencia-ficción,"['Ciencia-ficción', 'Classic Literature', 'Fiction', 'Mentally ill', 'Science fiction', 'Scientists', 'Experiments', 'Adaptations', 'Time travel', 'England, fiction', 'Scientists, fiction', ""Children's fiction"", 'English literature', 'Juvenile fiction', 'Science', 'Animal experimentation', 'English language', 'French', 'Korean', 'German', 'Fiction, general', 'Spanish language', 'Readers', 'Horror tales', 'Psychological fiction']",6419199.0,0,563
Age of fable,Thomas Bulfinch,4.0,"Drawing on the works of Homer, Ovid, Virgil, and other classical authors, as well as an immense trove of stories about the Norse gods and heroes, The Age of Fable offers lively retellings of the myths of the Greek and Roman gods: Venus and Adonis, Jupiter and Juno, Daphne and Apollo, and many others. [Source][1].


  [1]: http://www.amazon.com/gp/product/0486411079/ref=pd_lpo_sbs_dp_ss_2?pf_rd_p=1944687582&pf_rd_s=lpo-top-stripe-1&pf_rd_t=201&pf_rd_i=0452011523&pf_rd_m=ATVPDKIKX0DER&pf_rd_r=0HP4FXC8G5H55E0BK1WV",Adaptations,"['Adaptations', 'Anecdotes', 'Arthurian romances', 'Celtic Folklore', 'Celts', 'Charlemagne romances', 'Chivalry', 'Classic Literature', 'Classical Mythology', 'English Romances', 'Europe', 'Fiction', 'Folklore', 'Juvenile literature', 'Korean Mythology', 'Legends', 'Medieval Literature', 'Moyen âge', 'Mythologie', 'Mythology', 'Paraphrases tales', 'Roman français', 'Romances', 'Norse Mythology', 'Courage', 'Heroes', 'Asian Mythology', 'History', 'Bibliography', 'Charlemagne (Romances', 'Chivairy', 'Antike', 'Mythology, greek', 'Mythology, roman', 'Folklore, europe', 'Romans', 'Chevalerie', 'Charlemagne', 'Anthologie', 'Mythology, classical', 'Fabels', 'European Painting']",419378.0,1800,163
The blue castle,Lucy Maud Montgomery,4.0,"Valancy Stirling is 29, unmarried, and has never been in love. Living with her overbearing mother and meddlesome aunt, she finds her only consolation in the ""forbidden"" books of John Foster and her daydreams of the Blue Castle--a place where all her dreams come true and she can be who she truly wants to be. After getting shocking news from the doctor, she rebels against her family and discovers a surprising new world, full of love and adventures far beyond her most secret dreams.",Juvenile fiction,"['Juvenile fiction', 'Friendship', 'Self-actualization (Psychology)', 'Choice', 'History', 'Single women', 'Fiction', 'Romance fiction', 'Fiction, general']",14640067.0,1926,294
Le roman du masque de fer,Alexandre Dumas,4.0,"You are about to hear,"" said Aramis, ""an account which few could now give; for it refers to a secret which they buried with their dead...."" So begins the magnificent concluding story of the swashbuckling Musketeers--Aramis, Athos, Porthos, and D'Artagnan. Aramis--plotting against the King of France--bribes his way into the jail cells of the Bastille where a certain prisoner has been entombed for eight long years. The prisoner knows neither his real name nor the crime he has committed. But Aramis knows the secret of the prisoner's identity ... a secret so dangerous that its revelation could topple the King from his throne! Aramis ... plotting against the King? The motto of the Musketeers has been ""All for one, and one for all."" Has Aramis betrayed his friends? Is this the end of the Musketeers?",History,"['History', 'Fiction', 'Classic Literature', 'Juvenile fiction', 'Prisoners', 'Brothers', 'Twins', 'Adventure stories', 'Fiction, general', 'France, fiction', 'Twins, fiction', 'Brothers, fiction', ""Children's fiction"", 'Romance literature']",2132494.0,1600,279
Orthodoxy,Gilbert Keith Chesterton,4.0,"<p><i>Orthodoxy</i> is <a href=""https://standardebooks.org/ebooks/g-k-chesterton"">G. K. Chesterton’s</a> response to his critics’ assertion that his earlier collection of essays, <i><a href=""https://standardebooks.org/ebooks/g-k-chesterton/heretics"">Heretics</a></i>, had “merely criticised current philosophies without offering any alternative philosophy.” In his intellectual journey from pagan to agnostic to positivist philosopher, he had attempted to build a philosophy “some ten minutes in advance of the truth.” But when he compared his modern philosophy with Christian theology, he realized that he was “the man who with the utmost daring discovered what had been discovered before.” Thus, <i>Orthodoxy</i> is a work of Christian apologetics, where Chesterton tries to show that Christianity is a universal answer to the everyday needs of humanity, and not just an arbitrary philosophy handed down from on high.</p>",Apologetics,"['Apologetics', 'Christianity', 'History', 'Evidence', 'Nonfiction', 'Essays', 'Christendom', 'Christianisme', 'Apologetiek', 'Aplogetics', 'Apologetica', 'Theology', 'Ha resie', 'Rechtgla ubigkeit', 'Literatur', 'Discipling (christianity)', 'Religion, philosophy', 'Religion']",6268135.0,1908,209
Memórias póstumas de Brás Cubas,Joaquim Maria Machado de Assis,4.0,"**Memórias póstumas de Brás Cubas** é um romance escrito por Machado de Assis, desenvolvido em princípio como folhetim, de março a dezembro de 1880, na Revista Brasileira, para, no ano seguinte, ser publicado como livro, pela então Tipografia Nacional como Memorias Posthumas de Braz Cubas.

O livro tem como marcas um tom cáustico e novo estilo na obra de Machado de Assis, bem como audácia e inovação temática no cenário literário nacional, que o fez receber, à época, resenhas estranhadas. Confessando adotar a ""forma livre"" de Laurence Sterne em seu Tristram Shandy (1759–67), ou de Xavier de Maistre, em Memórias Póstumas rompe com a narração linear e objetivista de autores proeminentes da época, como Flaubert e Zola, para retratar o Rio de Janeiro e sua época em geral com pessimismo, ironia e indiferença — um dos fatores que fizeram com que fosse amplamente considerada a obra que iniciou o Realismo no Brasil, ainda que com elementos livres e próprios a Machado de Assis.

— [Wikipedia](https://pt.wikipedia.org/wiki/Mem%C3%B3rias_P%C3%B3stumas_de_Br%C3%A1s_Cubas) (CC BY-SA 4.0)",Romance brasileiro,"['Romance brasileiro', 'Dead', 'Fiction', 'Romance literature', 'Fiction, general', 'Autobiography', 'Ghost stories', 'Classics', 'Medieval Architecture', 'Architecture', 'Brazil, fiction', 'Interpersonal relations', 'Rich people']",123152.0,1881,147
Emma,Jane Austen,4.0,"Emma, by Jane Austen, is a novel about youthful hubris and the perils of misconstrued romance. The novel was first published in December 1815. As in her other novels, Austen explores the concerns and difficulties of genteel women living in Georgian-Regency England; she also creates a lively comedy of manners among her characters. Before she began the novel, Austen wrote, ""I am going to take a heroine whom no one but myself will much like."" In the very first sentence she introduces the title character as ""Emma Woodhouse, handsome, clever, and rich."" Emma, however, is also rather spoiled, headstrong, and self-satisfied; she greatly overestimates her own matchmaking abilities; she is blind to the dangers of meddling in other people's lives; and her imagination and perceptions often lead her astray.",Mate selection,"['Mate selection', 'Fiction', 'open_syllabus_project', 'Historical Fiction', 'Female friendship', 'Young women', 'Classic Literature', 'England, fiction', 'Fiction, humorous', 'Friendship, fiction', 'English literature', 'Romance fiction', 'English fiction', 'Love stories', 'Humorous fiction', 'Friendship', 'England', 'Courtship', 'Juvenile fiction', ""Children's stories"", 'General', 'Humorous stories', 'Bildungsromans', 'Readers', 'Romans, nouvelles', 'Amitié féminine', 'Jeunes femmes', 'Romance', 'Humorous', 'Fiction, general', 'Young women--fiction', 'Female friendship--fiction', '823/.7', 'Woodhouse, emma', 'Mate selection--fiction', 'Young women--england--fiction', ""Children's fiction"", 'Classics', 'Historical', 'Literary', 'Contemporary women', 'Přátelství', 'Zamilovanost', 'Humoristický román', 'Upper class', 'Man-woman relationships', 'Classes supérieures', 'Amours']",9278312.0,1815,2260
Utopia,Thomas More,4.0,"First published in 1516, Thomas More's Utopia is one of the most important works of European humanism. Through the voice of the mysterious traveler Raphael Hythloday, More describes a pagan, communist city-state governed by reason. Addressing such issues as religious pluralism, women's rights, state-sponsored education, colonialism, and justified warfare, Utopia seems remarkably contemporary nearly five centuries after it was written, and it remains a foundational text in philosophy and political theory.",Utopias,"['Utopias', 'Proverbs', 'Bibliography', 'Utopías', 'Fiction', 'Miniature books', 'Nonfiction', 'Consolation', 'Politics', 'Essays', 'Classic Literature', 'Specimens', 'Correspondence', 'Sources', 'Intellectual life', 'Humanists', 'History', 'Christian martyrs', 'Statesmen', 'Socialisme', 'Utopies', 'Argent (Monnaie)', 'Aspect social', 'Pluralisme religieux', 'Communauté', 'Vertus', 'Relations humaines', 'Propriété', 'République', 'British fiction', 'Irish fiction', 'Aufsatzsammlung', 'Politieke filosofie', '335.02', 'Intellectual movements', 'British philosophy', 'Political science']",7222976.0,1518,198
Les Trois Mousquetaires,Alexandre Dumas,4.0,"During the reign of France's King Louis XIV, D'Artagnan and three musketeers unite to defend the honor of Anne of Austria against the plots of Cardinal Richeliu.",History,"['History', 'Fiction', 'Swordsmen', 'Swordplay', 'Juvenile fiction', 'Histoire', 'Novela juvenil', 'Historia', 'Adventure fiction', 'Spanish language', 'Reading materials', 'Fiction, historical', 'France, fiction', 'Social conditions', 'Adventure stories', 'General', 'French fiction', 'Ying yu', 'Romance literature', ""Children's fiction"", 'Mongolian literature', 'Historical fiction', 'Abenteuerroman', 'Classic Literature', 'France', 'Épéistes', 'Fiction, general', 'French language', 'Readers', 'Man-woman relationships', 'Romans, nouvelles', 'Swords']",11929973.0,1844,1101
Orlando,Virginia Woolf,4.0,"In her most exuberant, most fanciful novel, Woolf has created a character liberated from the restraints of time and sex. Born in the Elizabethan Age to wealth and position, Orlando is a young nobleman at the beginning of the story-and a modern woman three centuries later.",Fiction,"['Fiction', 'Transsexuals', 'Textual Criticism', 'Literature', 'Mujeres', 'Hombres', 'Men', 'Facsimiles', 'Historia', 'English Manuscripts', 'Manuscripts', 'Women', 'Sackville-West', 'Nobility', 'History', 'England', 'Sex role', 'Ficción', 'Gender identity', 'Feminist literature', 'England, fiction', 'LGBTQ fiction', 'LGBTQ novels', 'Fiction, general', 'English literature', 'General Fiction', 'Roles sexuales', 'Romans, nouvelles']",3240273.0,1928,316
Sense and Sensibility,Jane Austen,4.0,"When Mr. Dashwood dies, he must leave the bulk of his estate to the son by his first marriage, which leaves his second wife and three daughters (Elinor, Marianne, and Margaret) in straitened circumstances. They are taken in by a kindly cousin, but their lack of fortune affects the marriageability of both practical Elinor and romantic Marianne. When Elinor forms an attachment for the wealthy Edward Ferrars, his family disapproves and separates them. And though Mrs. Jennings tries to match the worthy (and rich) Colonel Brandon to her, Marianne finds the dashing and fiery Willoughby more to her taste. Both relationships are sorely tried. But this is a romance, and through the hardships and heartbreak, true love and a happy ending will find their way for both the sister who is all sense and the one who is all sensibility. - Publisher.",Literature,"['Literature', 'Readers', 'Gentry', 'Sisters, fiction', 'Classic Literature', 'English language', 'open_syllabus_project', 'Didactic fiction', 'Humorous stories', 'Love stories', 'Rich people', 'Marriage, fiction', 'Classism', 'Courtship, fiction', 'History', 'Economic aspects', 'Upper class', 'General', 'England, fiction', 'Domestic fiction', 'English Literature', 'English fiction', 'Classic', 'Ying guo', 'Classes sociales', 'Romans, nouvelles', 'Histoire', 'Sœurs', 'English Satire', 'Paper work', 'Fiction, women', 'Fiction, classics', 'Families', 'Jeunes femmes', 'Romance', 'Literature, collections', 'Fiction', 'Social classes', 'Young women', 'Sisters', 'Courtship', ""'Mate selection"", 'fiction""', 'Romance fiction']",9278292.0,1811,2015
Persuasion,Jane Austen,4.0,"Persuasion tells the love story of Anne Elliot and Captain Frederick Wentworth, whose sister rents Miss Elliot's father's house, after the Napoleonic Wars come to an end. The story is set in 1814. The book itself is Jane Austen's last published book, published posthumously in December of 1818.",V leposlovju,"['V leposlovju', 'Medosebni odnosi', 'Družbene razmere', 'Rejection (Psychology)', 'Officers', 'Great Britain', 'England, fiction', 'Fiction, psychological', 'English literature', 'Manuscripts', 'English Manuscripts', 'Facsimiles', 'Gentry', 'Fiction, sagas', 'Literature', 'Psychological fiction', 'Jeunes femmes', 'Romans, nouvelles', 'Sisters', 'Sœurs', 'Social classes', 'Courtship, fiction', 'Fiction, general', 'Rejection (psychology)--fiction', 'First loves--fiction', 'Young women--england--fiction', '823/.7', 'Psychology', 'Fiction', 'Courtship', 'Motherless families', 'Dysfunctional families', 'Ship captains', 'First loves', 'Young women', 'General', 'LITERARY CRITICISM', 'Man-woman relationships']",12824691.0,1789,1235
This Side of Paradise,F. Scott Fitzgerald,4.0,"This Side of Paradise, F. Scott Fitzgerald's romantic and witty first novel, was written when the author was only twenty-three years old. This semi-autobiographical story of the handsome, indulged, and idealistic Princeton student Amory Blaine received critical raves and catapulted Fitzgerald to instant fame. Now, readers can enjoy the newly edited, authorized version of this early classic of the Jazz Age, based on Fitzgerald's original manuscript. In this definitive text, This Side of Paradise captures the rhythms and romance of Fitzgerald's youth and offers a poignant portrait of the ""Lost Generation.""",Fiction,"['Fiction', 'Romance', 'Historical""', 'Advertising', 'Veterans', 'College students', 'Facsimiles', 'American Manuscripts', 'Manuscripts', 'College stories', 'Love stories', 'Classic Literature', 'School stories', 'American fiction', 'Bildungsromans', '1920', 'Social conditions', 'Hell', 'Jeunes hommes', 'Romans, nouvelles', 'American literature', 'Literature', 'German', 'Dictionaries', 'English language', 'French', 'Spanish', 'Young men']",8243609.0,1920,495
Le Morte d'Arthur,Thomas Malory,4.0,"**Le Morte d'Arthur** (originally spelled **Le Morte Darthur**, ungrammatical Middle French for ""The Death of Arthur"") is a 15th-century Middle English prose reworking by Sir Thomas Malory of tales about the legendary King Arthur, Guinevere, Lancelot, Merlin and the Knights of the Round Table—along with their respective folklore. In order to tell a ""complete"" story of Arthur from his conception to his death, Malory compiled, rearranged, interpreted and modified material from various French and English sources. Today, this is one of the best-known works of Arthurian literature. Many authors since the 19th-century revival of the legend have used Malory as their principal source. 

(Source: [Wikipedia](https://en.wikipedia.org/wiki/Le_Morte_d%27Arthur))",Arthurian romances,"['Arthurian romances', 'Fiction', 'Romances', 'English Romances', 'Chivalry', 'Legends', 'Sources', 'Middle Ages', 'Adaptations', 'England, fiction', 'Grail', 'Love stories', 'English literature', 'Folklore, england', ""Children's fiction"", 'Folklore', ""Cycle d'Arthur"", 'Arthur, king', 'Juvenile literature', 'Arthur', 'Chivalry--fiction', '823.2', '823/.2', 'King Arthur']",8231834.0,1557,377
Lady Susan,Jane Austen,4.0,"Beautiful, flirtatious, and recently widowed, Lady Susan Vernon seeks an advantageous second marriage for herself, while attempting to push her daughter into a dismal match. A magnificently crafted novel of Regency manners and mores that will delight Austen enthusiasts with its wit and elegant expression",Fiction,"['Fiction', 'Facsimiles', 'Mate selection', 'English Manuscripts', 'Widows', 'Manuscripts', 'Fiction, general', 'England, fiction', 'English literature', 'Romans, nouvelles', 'Vernon, susan', 'Widows--fiction', 'Mate selection--fiction']",12641526.0,1925,599
Genji monogatari,Murasaki Shikibu,4.0,"**The most famous work of Japanese literature and the world's first novel—written a thousand years ago and one of the enduring classics of world literature.**

Written centuries before the time of Shakespeare and even Chaucer, The Tale of Genji marks the birth of the novel—and after more than a millennium, this seminal work continues to enchant readers throughout the world. Lady Murasaki Shikibu and her tale's hero, Prince Genji, have had an unmatched influence on Japanese culture. Prince Genji manifests what was to become an image of the ideal Heian era courtier; gentle and passionate. Genji is also a master poet, dancer, musician and painter. The Tale of Genji follows Prince Genji through his many loves, and varied passions. This book has influenced not only generations of courtiers and samurai of the distant past, but artists and painters even in modern times—episodes in the tale have been incorporated into the design of kimonos and handicrafts, and the four-line poems called waka which dance throughout this work have earned it a place as a classic text in the study of poetry.

This version by Kencho Suematsu was the first-ever translation in English. Condensed, it's a quarter length of the unabridged text, making it perfect for readers with limited time.

""Not speaking is the wiser part,
And words are sometimes vain,
But to completely close the heart
In silence, gives me pain.

—Prince Genji, in The Tale of Genji

About the Author: Lady Murasaki Shikibu, born in 978, was a member of the famed Fujiwara clan-one of the most influential families of the Heian period. After the death of her husband, Shikibu immersed herself in Buddhism, and the religion's influence permeates her writing.",Classic Literature,"['Classic Literature', 'Concordances', 'Fiction', 'Illustrations', 'Japanese fiction', 'Literature', 'Princes', 'Japanese literature', 'LITERATURA JAPONESA', 'Japan, fiction', 'Fiction, general', 'Fiction, historical', 'LITERARY CRITICISM', 'Asian', 'Japanese', 'Medieval', 'General', 'Romance']",6614001.0,1900,121
Northanger Abbey,Jane Austen,4.0,"Northanger Abbey is both a perfectly aimed literary parody and a withering satire of the commercial aspects of marriage among the English gentry at the turn of the nineteenth century. But most of all, it is the story of the initiation into life of its naïve but sweetly appealing heroine, Catherine Morland, a willing victim of the contemporary craze for Gothic literature who is determined to see herself as the heroine of a dark and thrilling romance.

When Catherine is invited to Northanger Abbey, the grand though forbidding ancestral seat of her suitor, Henry Tilney, she finds herself embroiled in a real drama of misapprehension, mistreatment, and mortification, until common sense and humor—and a crucial clarification of Catherine’s financial status—puts all to right. Written in 1798 but not published until after Austen’s death in 1817, Northanger Abbey is characteristically clearheaded and strong, and infinitely subtle in its comedy.",Mate selection,"['Mate selection', 'Cousins', 'Fiction', 'Young women', 'Horror tales', 'Families', 'Uncles', 'Appreciation', 'Sisters', 'Courtship', 'Country homes', 'Rejection (Psychology)', 'Female friendship', 'Social classes', 'Ship captains', 'Adoptees', 'Motherless families', 'Gothic novels', 'Romance fiction', 'Satire', 'Northanger Abbey', 'England, fiction', 'English literature', 'Correspondence', 'English Novelists', 'Marriage', 'Gentry', 'Literature: Classics', 'Fiction, gothic', 'Fiction, satire', 'Fiction, general', 'Powieść angielska', 'Tłumaczenia polskie', 'Economic aspects', 'Fiction, horror', 'Romans, nouvelles', 'Nineteenth century,', 'Nineteenth century', 'Romance', 'Suspense', 'Readers', ""Children's fiction"", 'Morland, catherine', 'Horror tales--appreciation', 'Horror tales--appreciation--fiction', 'Young women--fiction', 'Young women--england--fiction', '823/.7']",12567961.0,1818,1011
Wuthering Heights,Emily Brontë,4.0,"Wuthering Heights is an 1847 novel by Emily Brontë, initially published under the pseudonym Ellis Bell. It concerns two families of the landed gentry living on the West Yorkshire moors, the Earnshaws and the Lintons, and their turbulent relationships with Earnshaw's adopted son, Heathcliff. The novel was influenced by Romanticism and Gothic fiction.",Children's fiction,"[""Children's fiction"", 'Classic fiction', 'Classic Literature', 'Country homes', 'Country life', 'Cousins', 'Death', 'Drama', 'English language', 'English literature', 'Examinations', 'Families', 'family life', 'Fiction', 'Foundlings', 'Historical Fiction', 'Interpersonal relations', 'Juvenile fiction', 'love', 'orphans', 'Psychological fiction', 'Rejection (Psychology)', 'revenge', 'romance', 'Romance fiction', 'romantic fiction', 'Rural families', 'slavery', 'tragedy', 'Young women', 'Fiction, general', 'Love stories', 'Domestic fiction', 'Fiction, psychological', 'England, fiction', 'Romans, nouvelles', 'Rejet (Psychologie)', 'Familles rurales', 'Enfants trouvés', 'Vengeance', 'English fiction', 'Yorkshire (England)', 'Roman anglais', 'Women', 'Femmes', 'Adaptations', 'Social conditions', 'Roman', 'Englisch', 'Love, fiction', 'Literature, collections', 'American fiction', 'Reading books', 'Readers', 'Readers (Adult)', 'Study guides', 'Social conflict', 'Revenge--fiction', '823/.8', 'Hl 2083', 'Man-woman relationships']",12818862.0,1846,2850
Justine,Marquis de Sade,4.0,"La prosperite du crime est comme la foudre, dont tous les feux trompeurs n'embellissent un instant l'atmosphere, que pour precipiter dans les abimes de la mort, le malheureux qu'ils ont ebloui.",Facsimiles,"['Facsimiles', 'Manuscripts', 'Novela erótica', 'French Manuscripts', 'Fiction', 'Erotic Literature', 'Sisters', 'Orphans', 'French fiction', 'Fiction, general', '843.6']",12975462.0,1900,102
Bleak House,Charles Dickens,4.0,"As the interminable case of Jarndyce and Jarndyce grinds its way through the Court of Chancery, it draws together a disparate group of people: Ada and Richard Clare, whose inheritance is gradually being devoured by legal costs; Esther Summerson, a ward of court, whose parentage is a source of deepening mystery; the menacing lawyer Tulkinghorn; the determined sleuth Inspector Bucket; and even Jo, the destitute little crossing-sweeper. A savage, but often comic, indictment of a society that is rotten to the core, Bleak House is one of Dickens's most ambitious novels, with a range that extends from the drawing rooms of the aristocracy to the poorest of London slums.",Fiction,"['Fiction', 'Young women', 'Illegitimate children', 'Social problems', 'Social conditions', 'Classic Literature', 'Literature', 'open_syllabus_project', 'Domestic fiction', 'England, fiction', 'Fiction, historical', 'English literature', 'Classics', 'LITERARY CRITICISM', 'European', 'Enfants naturels', 'Romans, nouvelles', 'Jeunes femmes', 'Fiction, general', 'Fiction, legal', 'Bildungsromans', 'Legal stories', 'Novela inglesa', '823/.8', 'History']",9279273.0,1850,417
Der Steppenwolf,Hermann Hesse,4.0,"A story that focuses on the loneliness and suffering of the protagonist, Harry Haller, who feels that he has no place in a world filled with meaningless frivolity. Having decided to take his own life a chance encounter causes him to change his views and he begins to learn ways to enjoy life. One of the most misunderstood of his novels the book is, according to Hesse, about the possibilities of transcendence and healing.",Fiction,"['Fiction', 'Life', 'Western Civilization', 'Psychological fiction', 'German fiction', 'Ficción', 'German literature', 'Civilización occidental', 'Vida', 'Fiction, westerns', 'Fiction, psychological', 'Occultism, fiction', ""Children's fiction"", 'Civilization, western', 'Civilization, western--fiction', 'Life--fiction', '833/.912', 'Civilisation occidentale', 'Romans, nouvelles', 'Intellectual life']",3221083.0,1927,238
Le Comte de Monte Cristo,Alexandre Dumas,4.0,"xxix, 608 pages ; 21 cm",France,"['France', 'Fiction', 'History', 'Readers', 'French language', 'Pirates', 'Adventure stories', 'Revenge', 'False arrest', 'Sailors', 'Historical fiction', 'Language study', 'French', 'Friendship', 'Betrayal', 'French literature', 'Classic', 'romance', 'suspense', 'drama', 'love', ""Children's fiction"", 'France, fiction', 'Historia', 'Venganza', 'Novela', 'Novela histórica', 'Juvenile fiction', 'Loyalty', 'Fiction, historical', 'French fiction', 'Chinese fiction', 'Fiction, general', 'Judeo-Arabic literature', 'Tales', 'Escapes', 'Prisons', 'Prisoners', 'Franse fiksie']",14566393.0,1830,731
The War of the Worlds,H. G. Wells,4.0,"The ultimate science fiction classic: for more than one hundred years, this compelling tale of the Martian invasion of Earth has enthralled readers with a combination of imagination and incisive commentary on the imbalance of power that continues to be relevant today. The style is revolutionary for its era, employing a sophisticated first and third person account of the events which is both personal and focused on the holistic downfall of Earth's society. The Martians, as evil, mechanical and unknown a threat they are, remain daunting in today's society, where, despite technology's mammoth advances, humanity's hegemony over Earth is yet to be called into question. In Well's introduction to the book, where the character discusses with the later deceased Ogilvy about astronomy and the possibility of alien life defeating the 'savage' (to them) nineteenth-century Britain, is he insinuating that this is the truth and fate of humanity? It's up to you to decide…",Juvenile fiction,"['Juvenile fiction', 'Space warfare', 'Fiction', 'Diseases', 'Martians', 'Invasions', 'Classic Literature', 'open_syllabus_project', 'Mars (Planet)', 'Science fiction', 'Space vehicles', 'Earth', 'Romance Ingles', ""Children's fiction"", 'Examinations', 'Vocabulary', 'English language', 'Study guides', 'War stories', 'Literature', 'English literature', 'Seres extraterrestres', 'Extraterrestrial beings', 'Ficcion', 'Guerra espacial', 'Human-alien encounters', 'Adaptations', 'Graphic novels', 'War, fiction', 'Guerras imaginarias', 'Novela', 'Guerra', 'Space warfare--fiction', '823.912']",36314.0,0,461
The Time Machine,H. G. Wells,4.0,"The Time Traveller, a dreamer obsessed with traveling through time, builds himself a time machine and, much to his surprise, travels over 800,000 years into the future. He lands in the year 802701: the world has been transformed by a society living in apparent harmony and bliss, but as the Traveler stays in the future he discovers a hidden barbaric and depraved subterranean class. Wells's transparent commentary on the capitalist society was an instant bestseller and launched the time-travel genre.",Fiction,"['Fiction', 'Literature', 'Scientists', 'Classic Literature', 'Space warfare', 'open_syllabus_project', 'Dystopias', 'Time travel', 'Science fiction', 'Juvenile fiction', 'Animal experimentation', 'Graphic novels', 'General', 'Movie novels', ""Children's fiction"", 'Fiction, dystopian', 'Short stories', 'English fiction', 'Texts', 'English literature', 'Coloring books', 'Adaptations', 'Inventors', 'Science-fiction', 'Romans', 'Dictionaries', 'English language', 'Spanish', 'German', 'French', 'Korean', 'Fantasy fiction', 'Fiction, psychological', 'Scientists, fiction', 'Romans, nouvelles', 'Dystopies', 'Novela', 'Ciencia-ficción', 'Distopías', 'Fiction, general']",9009316.0,1895,1151
Women in Love,D. H. Lawrence,4.0,"Dark, but filled with bright genius, Women in Love is a prophetic masterpiece steeped in eroticism, filled with perceptions about sexual power and obsession that have proven to be timeless and true.",Romance,"['Romance', 'Classic Literature', 'Male friendship', 'Fiction', 'Social classes', 'Social conditions', 'Interpersonal relations', 'open_syllabus_project', 'Sisters', 'Coal miners', 'Women', 'England, fiction', 'Sisters, fiction', 'Fiction, psychological', 'Friendship, fiction', 'Women teachers', 'Fiction, general', 'Sexual behavior', 'English fiction', 'English literature', 'Classics']",13140934.0,1877,553
The Age of Innocence,Edith Wharton,4.0,"Edith Wharton's most famous novel, written immediately after the end of the First World War, is a brilliantly realized anatomy of New York society in the 1870s, the world in which she grew up, and from which she spent her life escaping. Newland Archer, Wharton's protagonist, charming, tactful, enlightened, is a thorough product of this society; he accepts its standards and abides by its rules but he also recognizes its limitations. His engagement to the impeccable May Welland assures him of a safe and conventional future, until the arrival of May's cousin Ellen Olenska puts all his plans in jeopardy. Independent, free-thinking, scandalously separated from her husband, Ellen forces Archer to question the values and assumptions of his narrow world. As their love for each other grows, Archer has to decide where his ultimate loyalty lies. - Back cover.",Fiction,"['Fiction', 'Upper class', 'Married people', 'Separated people', 'Marriage', 'Separated women', 'Upper classes', 'Social norms', 'Nobility', 'Love stories', 'Classic Literature', 'Literature', 'Drama', 'Romance', 'award:pulitzer_prize=1921', 'award:pulitzer_prize=fiction', 'open_syllabus_project', 'Historical fiction', 'Movie novels', 'Film novelizations', 'American fiction', 'American literature', 'Romance fiction', 'Fiction, general', 'Romans, nouvelles', 'Couples mariés', 'Classes supérieures', 'Civilization', 'Women', 'Socialites', 'archer', 'innocence', 'age', 'madame', 'olenska', 'der', 'newland', 'beaufort', 'welland', 'van', 'van der', 'madame olenska', 'der luyden', 'young man', 'countess olenska', 'newland archer', 'ellen olenska', 'archer felt', 'lovell mingott', 'der luydens']",11196262.0,1920,285
The House of the Seven Gables,Nathaniel Hawthorne,4.0,"In a sleepy little New England village stands a dark, weather-beaten, many-gabled house. This brooding mansion is haunted by a centuries-old curse that casts the shadow of ancestral sin upon the last four members of the distinctive Pyncheon family. Mysterious deaths threaten the living. Musty documents nestle behind hidden panels carrying the secret of the family's salvation -- or its downfall.

Hawthorne called The House of the Seven Gables ""a romance,"" and freely bestowed upon it many fascinating gothic touches. A brilliant intertwining of the popular, the symbolic, and the historical, the novel is a powerful exploration of personal and national guilt, a work that Henry James declared ""the closest approach we are likely to have to the Great American Novel.""",Fiction,"['Fiction', 'Haunted houses', 'Juvenile fiction', 'Ghosts', 'Families', 'Family', 'Readers', 'Classic Literature', 'CliffsNotes', 'open_syllabus_project', 'Domestic fiction', 'Dictionaries', 'English language', 'French', 'Spanish', 'Korean', 'False imprisonment', 'Paranormal fiction', 'Historical fiction', 'German', 'American literature', 'Fiction, historical', 'Fiction, horror', 'Puritans', 'American fiction', 'General', 'Secrets', 'History', 'Occult fiction', 'Greed', 'Maisons hantées', 'Romans, nouvelles', 'Readers (Primary)', 'Devotional literature', 'Bible']",8241487.0,1851,331
Madame Bovary,Gustave Flaubert,4.0,"Charles Bovary, médecin de campagne, veuf d'une mégère, fait lors d'une tournée la rencontre du père Rouault et de sa fille, Emma. Après leur mariage, Emma reste insatisfaite et rêve d'une nouvelle vie. Son premier amant lui donne le goût du luxe et fait miroiter un avenir à deux avant de l'abandonner. Une fois remise, Emma continue à faire de folles dépenses, qui peu à peu la mènent à la ruine et au déshonneur. (Résumé par Nadine)


----------
See also:

 - [Madame Bovary: 1/2](https://openlibrary.org/works/OL29255465W/Madame_Bovary_1_2)
 - [Madame Bovary: 2/2](https://openlibrary.org/works/OL29255459W/Madame_Bovary_2_2)

----------


Also contained in:

 - [The Best Known Works of Gustave Flaubert][1]
 - [Pages choisies des grands écrivains](https://openlibrary.org/works/OL15580389W)

  [1]: https://openlibrary.org/works/OL893933W/The_best_known_works_of_Gustave_Flaubert",literary fiction,"['literary fiction', 'French literature', 'Fiction', 'Adultery', 'Middle class', ""Physicians' spouses"", 'Suicide victims', 'Married women', 'French fiction', 'Technique', 'Suicide', 'History', 'Physicians', 'Intellectual life', 'Classic Literature', 'Spouses', 'Country life', 'Women', 'France, fiction', 'Physicians, fiction', 'Trials, litigation', 'Literary', 'Young men', 'Unrequited love', 'Romance literature', 'Trials (Obscenity)', 'Criticism', 'Wives', 'Médecins', 'Romans, nouvelles', 'Conjoints', 'Suicidés', 'Couples mariés', 'Vie intellectuelle', 'Roman français', 'General', 'Commerce', 'Illustraties', 'Frans', 'Married women--france--fiction', '843.8', 'French Novelists', 'Correspondence', 'Fiction, general', 'Novel', 'Femmes mariées', 'Man-woman relationships', 'Married people', 'Femmes', 'Histoire', 'French Authors', 'Écrivains français', 'Littérature française', 'English fiction', 'Roman anglais', '""212307""']",12993424.0,1856,1553
The Great Gatsby,F. Scott Fitzgerald,4.0,"Here is a novel, glamorous, ironical, compassionate – a marvelous fusion into unity of the curious incongruities of the life of the period – which reveals a hero like no other – one who could live at no other time and in no other place. But he will live as a character, we surmise, as long as the memory of any reader lasts.

""There was something gorgeous about him, some heightened sensitivity to the promises of life.... It was an extraordinary gift for hope, a romantic readiness such as I have never found in any other person and which it is not likely I shall ever find again.""

It is the story of this Jay Gatsby who came so mysteriously to West Egg, of his sumptuous entertainments, and of his love for Daisy Buchanan – a story that ranges from pure lyrical beauty to sheer brutal realism, and is infused with a sense of the strangeness of human circumstance in a heedless universe.

It is a magical, living book, blended of irony, romance, and mysticism.

--first edition jacket


----------
Also contained in:

 - [The Fitzgerald Reader](https://openlibrary.org/works/OL468551W/The_Fitzgerald_Reader)
 - [Three Novels of F. Scott Fitzgerald ](https://openlibrary.org/works/OL468557W)","Fiction, psychological","['Fiction, psychological', 'Fiction', 'Rich people', 'Mistresses', 'Married women', 'Traffic accidents', 'First loves', 'Revenge', 'American Manuscripts', 'Facsimiles', 'Manuscripts', 'Upper class', 'American literature', 'fiction""', 'Love', 'Classic Adaptation', 'Social Themes', 'Class Differences', 'Historical', 'Literary', 'Rich', 'Drama', 'Modern fiction', 'Classics', 'Literature', 'Wealth', 'Readers', 'Economic conditions', 'American fiction', 'Romance fiction', 'Psychological fiction', 'Love stories', 'Novela', 'Relaciones hombre-mujer', 'Nouveau riche', 'Moral conditions', 'Nineteen twenties', 'English fiction', 'Wives', 'Romans, nouvelles', 'Classes supérieures', 'Nouveaux riches', 'Premier amour', 'Riches', 'Maîtresses', 'Vengeance', 'Roman américain', 'Textual Criticism', 'Fiction, friendship', 'Fiction, classics', 'Adultery', 'Millionaires', 'American Dream', 'Millionnaires', 'Rêve américain', 'Tránsito', 'Accidentes', 'Mujeres casadas', 'Primer amor', 'Traffic accidents--Fiction', 'First loves--Fiction', 'Rich people--Fiction', 'Mistresses--Fiction', 'Revenge--Fiction', 'Novel', '813/.52', 'Fiction, general', 'Man-woman relationships']",10590366.0,1920,1174
Romeo and Juliet,William Shakespeare,4.0,"Romeo and Juliet is a tragedy written by William Shakespeare early in his career about two young Italian star-crossed lovers whose deaths ultimately reconcile their feuding families. It was among Shakespeare's most popular plays during his lifetime and, along with Hamlet, is one of his most frequently performed plays. Today, the title characters are regarded as archetypal young lovers.",Bibliography,"['Bibliography', 'Classical Literature', 'courtship', 'Drama', 'Drama inglés', 'Dramatic production', 'Enemistad mortal', 'English literature', 'Families', 'Fiction', 'Juvenile drama', 'Juvenile literature', 'Juventud', 'Literature', 'Love-Romance-Fiction', 'Man-woman relationships', 'Married people', 'open_syllabus_project', 'Performing Arts', 'Plays', 'Quartos', 'Shakespeare', 'Sources', 'Specimens', 'Stage history', 'Study guides', 'Suicide', 'Suspense-Fiction', 'Teatro', 'Tragedias', 'Tragedy', 'Vendetta', 'Youth', 'English drama', 'Love', 'Adaptations', 'Drama, collections', 'Translations', 'Tragedies', 'Man-woman relationship', 'Spanish language', 'Examinations', 'Fiction, general', 'Literatura inglesa', 'Theater', 'Aufführung', 'Geschichte', ""Children's plays"", 'History', ""Children's non-fiction"", 'Vendetta--drama', 'Youth--drama', 'Vendetta--italy--verona--drama', '822.33', 'Foreign relations']",8257991.0,1597,973
She,H. Rider Haggard,4.0,"An enduring adventure yarn set in pre colonial Africa, culminating in the discovery of a lost civilization ruled by a beautiful eternally youthful queen. ""She is generally considered to be one of the classics of imaginative literature and with 83 million copies sold by 1965, it is one of the best-selling books of all time."" See more at: http://en.wikipedia.org/wiki/She_(novel)",Reincarnation,"['Reincarnation', 'Fiction inEnglish', 'Fiction', 'Immortalism', 'Adventure', 'Hunting guides', 'Women', 'Africa, fiction', 'Women--africa--fiction', 'Reincarnation--fiction', 'Immortalism--fiction', '823/.8']",295537.0,1886,134
Pride and Prejudice,Jane Austen,4.0,"Pride and Prejudice is an 1813 novel of manners written by Jane Austen. The novel follows the character development of Elizabeth Bennet, the dynamic protagonist of the book who learns about the repercussions of hasty judgments and comes to appreciate the difference between superficial goodness and actual goodness.

Mr. Bennet, owner of the Longbourn estate in Hertfordshire, has five daughters, but his property is entailed and can only be passed to a male heir. His wife also lacks an inheritance, so his family faces becoming very poor upon his death. Thus, it is imperative that at least one of the girls marry well to support the others, which is a motivation that drives the plot.",Courtship,"['Courtship', 'Drama', 'English fiction', 'English literature', 'Families', 'Family', 'Family life', 'Family relations', 'Fiction Classics', 'History', 'Interpersonal relations', 'Juvenile fiction', 'Literary Fiction', 'love stories', 'manners', 'marriage', 'Sisters', 'Social classes', 'Upper class', 'wealth', 'young ladies', 'Young women', 'entail', 'Sisters, fiction', 'England, fiction', 'Roman anglais', 'Classes sociales', 'Romans, nouvelles', 'Sœurs', 'Amours', 'Jeunes femmes', 'Familles', 'Clases sociales', 'Novela', 'Jóvenes (Mujeres)', 'Cortejo amoroso', 'Hermanas', 'Readers', 'Prejudices', 'Romance fiction', 'Historical fiction', 'Classical literature', 'Domestic fiction', 'Women, fiction', 'Adaptations', 'Gentry', 'Mate selection', 'Coloring books', 'Emoticons', 'Feelings', 'Class', 'Englisch', 'Roman', 'Prophecies', 'Great britain', 'England', 'Novel', 'Fiction']",14348537.0,1813,4035
The Woman in White,Wilkie Collins,4.0,"The Woman in White famously opens with Walter Hartright's eerie encounter on a moonlit London road. Engaged as a drawing master to the beautiful Laura Fairlie, Walter is drawn into the sinister intrigues of Sir Percival Glyde and his 'charming' friend Count Fosco, who has a taste for white mice, vanilla bonbons and poison. Pursuing questions of identity and insanity along the paths and corridors of English country houses and the madhouse, The Woman in White is the first and most influential of the Victorian genre that combined Gothic horror with psychological realism.",Fiction,"['Fiction', 'general', 'Apparitions', 'Country homes', 'Art teachers', 'Deception', 'Nobility', 'Fraud', 'English language', 'Young women', 'Readers (Secondary)', 'Foreign speakers', 'England', 'Classic Literature', 'England, fiction', 'Teachers, fiction', 'Fiction, psychological', 'Mentally ill', 'History', 'Literature', 'Fiction, suspense', 'Fiction, historical', 'English literature', 'Fiction, general', 'Romans, nouvelles', ""Professeurs d'art"", 'Tromperie', 'Fiction, gothic', 'Mistaken identity', 'Man-woman relationships', 'Suspense fiction']",4684227.0,1860,425
Lady Chatterley's Lover,D. H. Lawrence,4.0,"Ours is essentially a tragic age, so we refuse to take it tragically. The cataclysm has happened, we are among the ruins, we start to build up new little habitats, to have new little hopes. It is rather hard work: there is now no smooth road into the future: but we go round, or scramble over the obstacles. We've got to live, no matter how many skies have fallen.",Sexual behavior,"['Sexual behavior', 'Married women', 'Adultery', 'Nobility', 'Fiction', 'Classic Literature', 'Gamekeepers', 'England', 'Runaway wives', 'England, fiction', 'Fiction, erotica', 'Wives', 'Family', 'English literature', 'Mujeres casadas', 'Novela', 'Adulterio', 'Libros audiograbados', 'Ficción', 'Guardabosques', 'Novela erótica', 'Erotic stories', 'Romanies', 'Young women', 'Love stories', 'Ying yu', 'Han yu', 'Femmes mariées', 'Romans, nouvelles', 'Textual Criticism', 'Critique textuelle', 'Man-woman relationships', 'English fiction', 'Roman anglais', 'German fiction', 'Literature', 'Littérature']",12983362.0,1900,513
Jane Eyre,Charlotte Brontë,4.0,"The novel is set somewhere in the north of England. Jane's childhood at Gateshead Hall, where she is emotionally and physically abused by her aunt and cousins; her education at Lowood School, where she acquires friends and role models but also suffers privations and oppression; her time as the governess of Thornfield Hall, where she falls in love with her Byronic employer, Edward Rochester; her time with the Rivers family, during which her earnest but cold clergyman cousin, St John Rivers, proposes to her. Will she or will she not marry him?",Fiction,"['Fiction', 'Romance', 'Historical""', 'Married men', 'fiction""', 'Orphans, fiction', 'Gothic fiction', 'Literature', 'Governesses, fiction', 'Detente', 'Classic Literature', 'Juvenile fiction', 'Landowners', 'Americans', 'English fiction', 'Love stories', 'Sources', 'History', 'Bildungsromans', 'Teddy bears', ""Children's stories"", 'Study guides', 'Examinations', 'Social classes', 'Adaptations', 'Families', 'English literature', 'England, fiction', 'Frau', ""Children's fiction"", 'Love, fiction', 'Fiction, psychological', 'Readers', 'Secrecy', 'Japanese fiction', 'Gouvernantes', 'Romans, nouvelles', 'Governesses--england--fiction', '823.8', '823/.8', 'Fiction, sagas', 'Governesses', 'Charity-schools', 'Married people', 'Country homes', 'Young women', 'Orphans', 'Man-woman relationships']",8235363.0,1847,787
Little Women,Louisa May Alcott,4.0,"Louisa May Alcotts classic novel, set during the Civil War, has always captivated even the most reluctant readers. Little girls, especially, love following the adventures of the four March sisters--Meg, Beth, Amy, and most of all, the tomboy Jo--as they experience the joys and disappointments, tragedies and triumphs, of growing up. This simpler version captures all the charm and warmth of the original.",Romans,"['Romans', 'Jeunes filles', 'Soeurs', 'Sisters', 'Young women', 'Fiction', 'Fiction, women', 'Family life', 'Families', 'Juvenile fiction', 'Domestic fiction', 'Bildungsromans', 'Historical fiction', ""Children's fiction"", 'Sisters, fiction', 'History', 'Dictionaries', 'English language', 'Spanish', 'Familias', 'Hermanas', 'Ficción', 'Young men', 'Family, fiction', 'Family', 'Fiction, general', 'Coloring books', 'German', 'Literarne študije', 'Little women', 'Literature', 'collections', 'biographical', 'historical', 'general', ',', 'romance', 'Animals', 'Friendship', 'England', 'nouvelles', 'Louisa May)', 'Juvenile literature']",8775559.0,1848,1887
Pickwick Papers,Charles Dickens,4.0,"> Blockquote

Dickens’ first novel was originally written and published as a serial. It is a comedy relating the misadventures of the members of The Pickwick Club, whose main purpose is to discover and relate quaint and curious phenomena of social life and customs throughout England. This quest takes the members to all parts of the country, travelling by coach and sampling the comforts or otherwise of various coaching inns.",Fiction,"['Fiction', 'Men', 'Male friendship', 'Readers', 'Inglés', 'Travelers', 'Literatura inglesa', 'English literature', 'Selections, extracts', 'English fiction', 'Humorous stories', 'English', 'Classic literature', 'Social conditions', 'England, fiction', 'Friendship, fiction', 'Fiction, humorous', 'Fiction, legal', 'Fiction, general', 'Fiction, classics', 'Récits humoristiques', 'Romans, nouvelles', ""Children's fiction"", 'Adventure stories', 'Canada, history', 'Library', 'Libraries', 'British literature', 'Clubs', 'English fictions']",13130696.0,1800,538
The Picture of Dorian Gray,Oscar Wilde,4.0,"**The Picture of Dorian Gray** is a philosophical novel by Irish writer Oscar Wilde. A shorter novella-length version was published in the July 1890 issue of the American periodical *Lippincott’s Monthly Magazine*. The novel-length version was published in April 1891.

(Source: [Wikipedia](https://en.wikipedia.org/wiki/The_Picture_of_Dorian_Gray))",Fantasy fiction,"['Fantasy fiction', ""Children's fiction"", 'Appearance (Philosophy)', 'Fiction', 'Youthfulness', 'Portraits', 'Apparence (Philosophie)', 'Romans, nouvelles', 'Morale pratique', 'Juvénilité', 'General', 'Horror', 'Education', 'English literature', 'England, fiction', 'Fiction, general', 'Future life', 'Soul', 'Paranormal fiction', 'Fiction, psychological', 'Didactic fiction', 'Fiction, historical', 'LGBTQ novels', 'Classics', 'European', 'Hedonism', 'Classic fiction', 'Men', 'Man-woman relationships', 'Influence (Psychology)', 'Novela didáctica', 'Novela psicología', 'Fiction, horror', 'Painting, fiction', 'Readers', 'Immortality', 'Aging', 'Gothic fiction', 'English fiction', 'Le livre.', 'Supernatural', 'History', 'Appearance (philosophy)--fiction', 'Portraits--fiction', '823/.8']",14314858.0,1890,2297
El amor en los tiempos del cólera,Gabriel Garcia Marquez,4.0,"De jóvenes, Florentino Ariza y Fermina Daza se enamoran apasionadamente, pero Fermina eventualmente decide casarse con un médico rico y de muy buena familia. Florentino está anonadado, pero es un romántico. Su carrera en los negocios florece, y aunque sostiene 622 pequeños romances, su corazón todavía pertenece a Fermina. Cuando al fin el esposo de ella muere, Florentino acude al funeral con toda intención. A los cincuenta años, nueve meses y cuatro días de haberle profesado amor a Fermina, lo hará una vez más.
Con sagacidad humorística y depurado estilo, García Márquez traza la historia excepcional de un amor que no ha sido correspondido por medio siglo. Aunque nunca parece estar propiamente contenido, el amor fluye a través de la novela de mil maneras –alegre, melancólico, enriquecedor, siempre sorprendente-.",Vida familiar,"['Vida familiar', 'Family life', 'Love stories', 'Ficció histórica', 'Historical fiction', 'Novels', 'Novela', 'Courtship', 'Colombian fiction', 'Spanish fiction', 'Romance fiction', 'Novela española', 'Romance-language fiction', 'Cortejo amoroso', 'Relaciones hombre-mujer', 'Unrequited love', 'Ficción', 'First loves', 'Spanish-American literature', 'Spanish literature', ""Histoires d'amour"", 'Romans', 'Nouvelles', 'Movie novels', 'Colombia, fiction', 'Romance', 'Romance literature', 'Spanish language', 'Reading materials', 'Spanish imprints', 'Fiction']",10096404.0,1985,127
Hard Times,Charles Dickens,4.0,"Dickens scathing portrait of Victorian industrial society and its misapplied utilitarian philosophy, Hard Times features schoolmaster Thomas Gradgrind, one of his most richly dimensional, memorable characters. Filled with the details and wonders of small-town life, it is also a daring novel of ideas and ultimately, a celebration of love, hope, and limitless possibilities of the imagination.",Fiction,"['Fiction', 'Social problems', 'Utilitarianism', 'Education', 'Social conditions', 'Married people', 'Industrial revolution', 'Problèmes sociaux', 'Conditions sociales', 'Romans, nouvelles', 'Aufsatzsammlung', 'Fiction, political', 'England, fiction', 'Education, fiction', ""Children's fiction"", 'Fiction, general', 'Utilitatianism', 'English literature', 'Domestic fiction', 'Political fiction', 'Social sciences', 'Psychology', 'Révolution industrielle', 'Social problems--fiction', '823/.8', 'Adaptations', 'English language', 'Work environment', 'History', 'Poverty', 'Imagination']",8236916.0,1854,1030
War and Peace,Лев Толстой,4.0,"War and Peace delineates in graphic detail events surrounding the French invasion of Russia, and the impact of the Napoleonic era on Tsarist society, as seen through the eyes of five Russian aristocratic families.
The novel begins in the year 1805 during the reign of Tsar Alexander I and leads up to the 1812 French invasion of Russia by Napoleon. The era of Catherine the Great (1762–1796), when the royal court in Paris was the centre of western European civilization,[16] is still fresh in the minds of older people. Catherine, fluent in French and wishing to reshape Russia into a great European nation, made French the language of her royal court. For the next one hundred years, it became a social requirement for members of the Russian nobility to speak French and understand French culture.[16] This historical and cultural context in the aristocracy is reflected in War and Peace. Catherine's grandson, Alexander I, came to the throne in 1801 at the age of 24. In the novel, his mother, Marya Feodorovna, is the most powerful woman in the Russian court.

War and Peace tells the story of five aristocratic families — the Bezukhovs, the Bolkonskys, the Rostovs, the Kuragins and the Drubetskoys—and the entanglements of their personal lives with the history of 1805–1813, principally Napoleon's invasion of Russia in 1812. The Bezukhovs, while very rich, are a fragmented family as the old Count, Kirill Vladimirovich, has fathered dozens of illegitimate sons. The Bolkonskys are an old established and wealthy family based at Bald Hills. Old Prince Bolkonsky, Nikolai Andreevich, served as a general under Catherine the Great, in earlier wars. The Moscow Rostovs have many estates, but never enough cash. They are a closely knit, loving family who live for the moment regardless of their financial situation. The Kuragin family has three children, who are all of questionable character. The Drubetskoy family is of impoverished nobility, and consists of an elderly mother and her only son, Boris, whom she wishes to push up the career ladder.",Classic,"['Classic', 'History', 'Russian Empire', 'Fiction', 'Russia', 'Fiction, historical', 'Classic Literature', 'Historical Fiction', 'Textual Criticism', 'Campaigns', 'Military campaigns', 'English fiction', 'open_syllabus_project', 'Napoleonic Wars', 'Social conditions', 'Classics', 'Russian literature', 'Slavic philology', 'Romans, nouvelles', 'Histoire', 'Literature', 'Napoleon I', 'Fiction, general', '891.73/3', 'Parodies, imitations', 'Russian fiction']",12621906.0,1864,641
Heidi,Johanna Spyri,4.0,"***The famous Swiss classic about Heidi, a five-year-old orphan girl*** who goes to live with her grandfather, and his goats, in an alm (Alpine pasture)...up the Alps. **One of the most loved classics ...both by children and adults, alike.**

***Little orphan Heidi goes to live high in the Alps with her gruff grandfather and brings happiness to all who know her on the mountain. When Heidi goes to Frankfurt to work in a wealthy household, she dreams of returning to the mountains and meadows, her friend Peter, and her beloved grandfather.***",Johanna Spyri,"['Johanna Spyri', 'Shirley Temple', 'Movie tie-in', 'Children', 'Babies', 'Toddlers', 'Grades 3-4', ""Children's"", ""Kid's"", 'Juvenile', 'Adult', 'Fiction', 'Classic', 'Literature', 'Stories', 'Story', 'Book', 'Picture Books', 'Chapter books', 'Hardcover', 'Paperback', 'Braille', 'Audio book', 'e-book', 'Family', 'Orphan', 'Grandfather', 'Nature', 'Goats', 'Mountain life', 'Swiss Alps', 'Swiss (German)', 'History', 'Invalids', 'Grandfathers', 'Juvenile fiction', 'Orphans', ""Children's fiction"", 'Grandparents, fiction', 'Orphans, fiction', 'Switzerland, fiction', 'Fiction, general', 'Girls, fiction', 'Grandparent-grandchild relationship', 'Juvenile literature', 'Switzerland', 'Alps, fiction', 'Short stories', 'Classics', 'Classic Literature', 'German fiction', 'Historical fiction', 'Ice skating']",2668686.0,1885,180
Middlemarch,George Eliot,4.0,"Eliot’s epic of 19th century provincial social life, set in a fictitious Midlands town in the years 1830-32, has several interlocking storylines blended effortlessly together to form a fully coherent narrative. Its main themes are the status of women, social expectations and hypocrisy, religion, political reform and education. It has often been called the greatest novel in the English language.",Young women,"['Young women', 'Married people', 'Fiction', 'Married women', 'England', 'Readers', 'English literature', 'English language', 'Women authors', 'Social reformers', 'Older men', 'Scholars', 'England, fiction', 'Fiction, general', 'Fiction, historical', 'Modern Literature', 'English', 'Bildungsromans', 'Domestic fiction', 'Adopted children', 'Romans, nouvelles', 'Vie urbaine', 'Jeunes femmes', 'Enfants adoptés', 'Literature', 'English fiction', 'Didactic fiction', 'Love stories', 'Powieść angielska', 'Tłumaczenia polskie', 'Riverside editions', 'Social conditions', 'Married people--fiction', 'Young women--fiction', '823.8', 'Classic Literature']",252882.0,1871,199
Ivanhoe,Sir Walter Scott,4.0,"The father of the historical novel, Sir Walter Scott invented a literary form that has remained popular for over one hundred and fifty years. Infusing his works with romance, action, and suspense, he brought long-gone eras back to life with splendor and spectacle.Set in England just after the Third Crusade, Ivanhoe is the tale of Wilfrid, a young Saxon knight, and his love for the royal princess Rowena. With his father against their union, Wilfrid embarks on a series of adventures to prove his worth, finding himself in conflict against the Normans and the Templars, and allied with such larger-than-life figures as Robin Hood and Richard the Lion Hearted. A timeless story of courage, chivalry, and courtly love, Ivanhoe is a grand epic, and its place in classical literature is assured.",Fiction,"['Fiction', 'History', 'Jews', 'Anglo-Saxons', 'Juvenile fiction', 'Normans', 'Readers', 'Chivalry', 'German language', 'Crusades', 'English literature', 'French literature', 'Medieval Civilization', 'Classic Literature', 'Jews, fiction', 'England, fiction', 'Fiction, historical', 'Templars', 'Historical fiction', ""Children's fiction""]",314235.0,1800,228
Pollyanna,Eleanor Hodgman Porter,4.0,"An abridged version of the tale of orphaned, eleven-year-old Pollyanna, who comes to live with austere and wealthy Aunt Polly, bringing happiness to her aunt and other members of the community through her philosophy of gladness. Pollyanna knows the secret to finding a smile -- even when really bad things happen. From the moment she arrives in Beldingsville, she shares her Glad Game with everyone around her. But the person who needs Pollyanna's help the most doesn't want it. - Publisher.",Aunts,"['Aunts', 'Cheerfulness', 'Classic Literature', 'Family', 'Fiction', 'History', 'Interpersonal relations', 'Juvenile Literature', 'Juvenile fiction', 'Orphans', 'Vermont', 'Families', ""Children's fiction"", 'Orphans, fiction', 'Vermont, fiction', 'Short stories', 'Emotions, fiction', 'American fiction', 'Fiction, general', 'Fiction, historical', 'Family, fiction', 'Girls, fiction']",902113.0,1912,552
The Waves,Virginia Woolf,4.0,"Tracing the lives of a group of friends, this novel follows their development from childhood to middle age. Social events, individual achievements and disappointments form the outer structure of the book, but the focus is the inner life of the characters which is conveyed in rich poetic language.","Fiction, psychological","['Fiction, psychological', 'Friendship, fiction', 'Identity (Psychology)', 'Friendship', 'Fiction', 'Facsimiles', 'Manuscripts', 'Translations', 'English Manuscripts', 'Literature', 'Emotional maturity', 'Self-actualization (Psychology)', 'English fiction', 'English literature', 'Identity (psychology)--fiction', 'Friendship--fiction', '823/.912', 'Classic Literature']",119517.0,1931,255
The Secret Garden,Frances Hodgson Burnett,4.0,A ten-year-old orphan comes to live in a lonely house on the Yorkshire moors where she discovers an invalid cousin and the mysteries of a locked garden.,"Fiction, general","['Fiction, general', 'Friendship, fiction', ""Children's fiction"", 'Gardens, fiction', 'England, fiction', 'American literature', 'Orphans, fiction', 'English language', 'Orphans', 'Juvenile fiction', 'Gardens', 'Fiction', 'Fantasy fiction', 'American fiction', 'Stories', 'Huérfanos', 'Ficción juvenil', 'Jardines', 'Impedidos', 'Friendship', 'Sick children', 'History', 'Families', 'Pictorial works', 'Familles', 'Amitié', 'Jardins', 'Ouvrages illustrés', 'Great Britain', 'Personnes handicapées', 'Girls, fiction', 'Children', 'Enfants', 'Romans, nouvelles', 'Orphelins', 'Physically handicapped', 'England', 'Literature', 'Dictionaries', 'Chinese', 'Selbsterziehung', 'Freundschaft', 'Garten', 'Waisenkind', 'Korean', 'Spanish', 'French', 'Therapeutic use', 'Gardening', 'Cousins', 'reading', 'strategies', 'classic', 'Juvenile literature', ""Children's stories"", 'Readers', 'Grandparents, fiction', 'Grandfathers', 'Love, fiction', 'Classic Literature', 'Loneliness']",12622062.0,1911,925
King Solomon's Mines,H. Rider Haggard,4.0,"Promoted as “the most amazing book ever written,” King Solomon’s Mines enjoyed lavish success. As far as adventure stories go, this classic tale of English travelers who discover a lost African kingdom rivals Treasure Island.",Fiction,"['Fiction', 'Treasure troves', 'Hunting guides', 'Missing persons', 'Ficción', 'Buried treasure', 'English language', 'Adventure stories', 'Personas desaparecidas', 'Tesoros ocultos', 'Literature', 'Classic Literature', 'Roman anglais', ""Children's fiction"", 'Africa, fiction', 'Adventure fiction', 'Lost World', 'Romans, nouvelles', 'Treasure-troves']",6861197.0,1885,110
"Villette, a novel",Charlotte Brontë,4.0,"**In time for the 200th anniversary of her birth, a Penguin Hardcover Classics edition of the book many believe to be Charlotte Brontë's crowning achievement.**

With neither friends nor family, Lucy Snowe sets sail from England to find employment in a girls' boarding school in the small town of Villette. There she struggles to retain her self-possession in the face of unruly pupils, an initially suspicious headmaster, and her own complex feelings, first for the school's English doctor and then for the dictatorial professor Paul Emmanuel. Drawing on her own deeply unhappy experiences as a governess in Brussels, Charlotte Brontë's last and most autobiographical novel is a powerfully moving study of isolation and the pain of unrequited love. 

For more than seventy years, Penguin has been the leading publisher of classic literature in the English-speaking world. With more than 1,700 titles, Penguin Classics represents a global bookshelf of the best works throughout history and across genres and disciplines. Readers trust the series to provide authoritative texts enhanced by introductions and notes by distinguished scholars and contemporary authors, as well as up-to-date translations by award-winning translators.",Fiction,"['Fiction', 'Women teachers', 'Separation (Psychology)', 'British', 'Belgium, fiction', 'Teachers, fiction', 'Fiction, psychological', 'Psychological fiction', 'Classic Literature', 'Literature', 'Man-woman relationships', 'Romance fiction', 'Autobiographical fiction', 'Romans', 'English literature', 'Enseignantes', 'Anglais', 'Femmes', 'English fiction', 'Drama', 'Fiction, women', 'British--belgium--fiction', 'Separation (psychology)--fiction', 'Women teachers--fiction', '823/.8', 'Literary criticism', 'American', 'Teachers']",5737854.0,1853,518
Treasure Island,Robert Louis Stevenson,4.0,"Traditionally considered a coming-of-age story, Treasure Island is an adventure tale known for its atmosphere, characters and action, and also as a wry commentary on the ambiguity of morality — as seen in Long John Silver — unusual for children's literature then and now. It is one of the most frequently dramatized of all novels. The influence of Treasure Island on popular perceptions of pirates is enormous, including treasure maps marked with an ""X"", schooners, the Black Spot, tropical islands, and one-legged seamen carrying parrots on their shoulders",Fiction,"['Fiction', 'Treasure-trove', 'Pirates', 'Treasure troves', ""Children's fiction"", 'Pirates, fiction', 'Literature', 'Buried treasure', 'Juvenile fiction', 'Adventure stories', 'History', 'Classic Literature', 'Juvenile literature', 'Boys', 'Treasure maps', 'Sea stories', 'Piratas', 'Tesoros ocultos', 'Ficción', 'Treasuretrove', 'Adventure fiction', 'England, fiction', 'New Words', 'Remedial teaching', 'Reading interests', 'Reading', 'Reading (Secondary)', 'Report writing', 'English language', 'Readers', 'Fantasy', 'AR 8.0.', 'Adaptations', 'Graphic novels', 'Teenage boys', 'Kidnapping', 'Disinheritance', 'Shipwrecks', 'Dictionaries', 'Spanish', 'French', 'German', 'Classic Novel', 'buccaneers', 'buried gold', 'joy', 'fear', 'suspense', 'Classics', 'Roman écossais', 'Reading comprehension', 'Problems, exercises', 'English fiction', 'Novela', 'Novela inglesa', 'Ficción juvenil', 'Spanish language', 'Literary Criticism', 'Nonfiction', 'Thriller', 'Novela juvenil', 'Aventuras', 'Trésors', 'Romans, nouvelles', 'Recherche', 'Tesoros enterrado', 'Buried treasure--Fiction', 'Pirates--Fiction', 'Ocean travel', 'Mutiny', 'Male authors', 'Scottish authors', 'Specimens', 'Language readers', 'Historical fiction', 'English Literature', 'English', ""Children's literature"", 'Treasure', 'Littérature anglaise', 'Treasure hunts', 'Angol irodalom', 'Regény']",13859660.0,1880,1984
Hard Times,Charles Dickens,4.0,"Dickens scathing portrait of Victorian industrial society and its misapplied utilitarian philosophy, Hard Times features schoolmaster Thomas Gradgrind, one of his most richly dimensional, memorable characters. Filled with the details and wonders of small-town life, it is also a daring novel of ideas and ultimately, a celebration of love, hope, and limitless possibilities of the imagination.",Fiction,"['Fiction', 'Social problems', 'Utilitarianism', 'Education', 'Social conditions', 'Married people', 'Industrial revolution', 'Problèmes sociaux', 'Conditions sociales', 'Romans, nouvelles', 'Aufsatzsammlung', 'Fiction, political', 'England, fiction', 'Education, fiction', ""Children's fiction"", 'Fiction, general', 'Utilitatianism', 'English literature', 'Domestic fiction', 'Political fiction', 'Social sciences', 'Psychology', 'Révolution industrielle', 'Social problems--fiction', '823/.8', 'Adaptations', 'English language', 'Work environment', 'History', 'Poverty', 'Imagination']",8236916.0,1854,1030
White Fang,Jack London,4.0,"The story of a wolf/dog cross, who is raised by Indians, and becomes a deadly fighter.",Gold discoveries,"['Gold discoveries', 'Wolfdogs', 'Classic Literature', 'Juvenile fiction', 'Fiction', 'Historical Fiction', 'Wolves', 'Human-animal relationships', 'Juvenile Literature', 'Dogs', 'Thriller', 'Accelerated Reader', 'Mensch', 'Survival', ""Children's fiction"", 'Wolves, fiction', 'Dogs, fiction', 'Canada, fiction', 'Loups', 'Chiens', 'Pôle Nord', 'Romans', 'Adventure stories', 'Nature, fiction', 'History', 'Alaska, fiction', 'Yukon, fiction', 'California, fiction']",8236920.0,1905,367
The Enchanted Castle,Edith Nesbit,4.0,"E. Nesbit's classic story of how Gerald, Cathy and Jimmy find an enchanted garden and awake a princess from a hundred-year sleep, only to have her immediately made invisible by a magic ring. Her rescue is difficult, funny and sometimes frightening.",Fiction,"['Fiction', 'Fantasy', 'Magic', 'Rings', 'Friendship', 'History', 'England', 'Wishes', 'Juvenile fiction', ""Children's fiction"", 'Fantasy fiction', 'Castles', ""Children's stories"", 'Castles, fiction', 'Magic, fiction', 'Friendship, fiction', 'Children', 'England, fiction', 'Fiction, general']",6644514.0,1907,477
The Jungle,Upton Sinclair,4.0,"Upton Sinclair's dramatic and deeply moving story exposed the brutal conditions in the Chicago stockyards at the turn of the nineteenth century and brought into sharp moral focus the appalling odds against which immigrants and other working people struggled for their share of the American dream. Denounced by the conservative press as an un-American libel on the meatpacking industry, the book was championed by more progressive thinkers, including then President Theodore Roosevelt, and was a major catalyst to the passing of the Pure Food and Meat Inspection act, which has tremendous impact to this day.",Sociology,"['Sociology', 'Lithuanian Americans', 'Fiction', 'Historical Fiction', 'Packing-houses', 'Stockyards', 'Corrupt practices', 'Classic Literature', 'Working class', 'Political corruption', 'Beef industry', 'Immigrants', 'Meat industry', 'Capitalism', 'Trade unions', 'History', 'Factories', 'Spanish language', 'Nonfiction', 'Social conditions', 'Politics', 'Illinois, fiction', 'Fiction, political', 'Fiction, general', 'Lithuania, fiction', 'Literature', 'German', 'Dictionaries', 'English language', 'French', 'General', 'Chinese', 'Korean', 'Spanish', 'Political fiction', 'Labor supply', 'Social problems', 'Lithuanians', 'American literature', 'Romans, nouvelles', 'Travailleurs', ""Children's fiction"", 'Graphic novels', '741.5/943', 'Usines', 'Synapses', 'Neurons', 'Physiology', 'Brain']",8231790.0,1905,358
Orlando,Virginia Woolf,4.0,"In her most exuberant, most fanciful novel, Woolf has created a character liberated from the restraints of time and sex. Born in the Elizabethan Age to wealth and position, Orlando is a young nobleman at the beginning of the story-and a modern woman three centuries later.",Fiction,"['Fiction', 'Transsexuals', 'Textual Criticism', 'Literature', 'Mujeres', 'Hombres', 'Men', 'Facsimiles', 'Historia', 'English Manuscripts', 'Manuscripts', 'Women', 'Sackville-West', 'Nobility', 'History', 'England', 'Sex role', 'Ficción', 'Gender identity', 'Feminist literature', 'England, fiction', 'LGBTQ fiction', 'LGBTQ novels', 'Fiction, general', 'English literature', 'General Fiction', 'Roles sexuales', 'Romans, nouvelles']",3240273.0,1928,316
Dubliners,James Joyce,4.0,"James Joyce's disillusion with the publication of Dubliners in 1914 was the result of ten years battling with publishers, resisting their demands to remove swear words, real place names and much else, including two entire stories. Although only 24 when he signed his first publishing contract for the book, Joyce already knew its worth: to alter it in any way would 'retard the course of civilisation in Ireland'. Joyce's aim was to tell the truth -- to create a work of art that would reflect life in Ireland at the turn of the last century. By rejecting euphemism, he would reveal to the Irish the unromantic reality, the recognition of which would lead to the spiritual liberation of the country. Each of the fifteen stories offers a glimpse of the lives of ordinary Dubliners -- a death, an encounter, an opportunity not taken, a memory rekindled -- and collectively they paint a portrait of a nation. - Back cover.

Dubliners is a collection of vignettes of Dublin life at the end of the 19th Century written, by Joyce’s own admission, in a manner that captures some of the unhappiest moments of life. Some of the dominant themes include lost innocence, missed opportunities and an inability to escape one’s circumstances.

Joyce’s intention in writing Dubliners, in his own words, was to write a chapter of the moral history of his country, and he chose Dublin for the scene because that city seemed to him to be the centre of paralysis. He tried to present the stories under four different aspects: childhood, adolescence, maturity and public life.
‘The Sisters’, ‘An Encounter’ and ‘Araby’ are stories from childhood. ‘Eveline’, ‘After the Race’, ‘Two Gallants’ and ‘The Boarding House’ are stories from adolescence. ‘A Little Cloud’, ‘Counterparts’, ‘Clay’ and ‘A Painful Case’ are all stories concerned with mature life. Stories from public life are ‘Ivy Day in the Committee Room’ and ‘A Mother and Grace’. ‘The Dead’ is the last story in the collection and probably Joyce’s greatest. It stands alone and, as the title would indicate, is concerned with death.

----------
Contains

[Sisters](https://openlibrary.org/works/OL15073389W/The_Sisters)
[Encounter](https://openlibrary.org/works/OL15073256W)
[Araby](https://openlibrary.org/works/OL20570121W)
[Eveline](https://openlibrary.org/works/OL15073302W)
[After the Race](https://openlibrary.org/works/OL18179262W)
[Two Gallants](https://openlibrary.org/works/OL20570300W)
[Boarding House](https://openlibrary.org/works/OL15073259W/The_Boarding_House)
[Little Cloud](https://openlibrary.org/works/OL18179222W)
[Counterparts](https://openlibrary.org/works/OL20570464W)
[Clay](https://openlibrary.org/works/OL18179205W)
[A Painful Case](https://openlibrary.org/works/OL5213767W)
[Ivy Day In the Committee Room](https://openlibrary.org/works/OL20571820W)
[Mother](https://openlibrary.org/works/OL18179244W)
[Grace](https://openlibrary.org/works/OL15073323W)
[Dead](https://openlibrary.org/works/OL15073437W/The_Dead)

----------
Also contained in:

 - [Dubliners / Portrait of the Artist as a Young Man](https://openlibrary.org/works/OL15073371W/Dubliners_Portrait_of_the_Artist_as_a_Young_Man)
 - [Essential James Joyce](https://openlibrary.org/works/OL86338W/The_Essential_James_Joyce)
 - [Portable James Joyce](https://openlibrary.org/works/OL86334W/The_Portable_James_Joyce)",Daily Express,"['Daily Express', 'West Briton', 'Three Graces', 'alcoholism', 'confessionals', 'Jesuits', 'fiction', 'concerts', 'piano', 'Irish nationalism', 'Conservative Party', 'Pottery', 'Art pottery', 'Modern Art', 'Halloween', 'short story', 'Protestantism', 'Masturbation', 'corporal punishment', 'clergy', 'Catholic priests', 'fiction classics', 'classics', 'literary fiction', 'literary criticism', 'Facsimiles', 'Proofs (Printing)', 'Family reunions', 'Textual Criticism', 'In literature', 'Manuscripts', 'Young men', 'Artists', 'English fiction', 'English Manuscripts', 'Irish authors', 'Short Stories', 'Classic Literature', 'Literature', 'open_syllabus_project', 'Domestic fiction', 'Domestic fiction.sh', 'English literature', 'Anglais (langue)', 'Kommentar', 'Dublin (Ireland)--Fiction', 'Ireland, fiction', 'Irish Novelists', 'Biography', 'Romanciers irlandais', 'Biographies', 'Romans, nouvelles', 'General', 'Readers', '823/.912', ""Artists' books"", 'Vie urbaine', 'Library', 'Personal copy', 'Cuentos ingleses']",8216412.0,1914,684
Jane Eyre,Charlotte Brontë,4.0,"The novel is set somewhere in the north of England. Jane's childhood at Gateshead Hall, where she is emotionally and physically abused by her aunt and cousins; her education at Lowood School, where she acquires friends and role models but also suffers privations and oppression; her time as the governess of Thornfield Hall, where she falls in love with her Byronic employer, Edward Rochester; her time with the Rivers family, during which her earnest but cold clergyman cousin, St John Rivers, proposes to her. Will she or will she not marry him?",Fiction,"['Fiction', 'Romance', 'Historical""', 'Married men', 'fiction""', 'Orphans, fiction', 'Gothic fiction', 'Literature', 'Governesses, fiction', 'Detente', 'Classic Literature', 'Juvenile fiction', 'Landowners', 'Americans', 'English fiction', 'Love stories', 'Sources', 'History', 'Bildungsromans', 'Teddy bears', ""Children's stories"", 'Study guides', 'Examinations', 'Social classes', 'Adaptations', 'Families', 'English literature', 'England, fiction', 'Frau', ""Children's fiction"", 'Love, fiction', 'Fiction, psychological', 'Readers', 'Secrecy', 'Japanese fiction', 'Gouvernantes', 'Romans, nouvelles', 'Governesses--england--fiction', '823.8', '823/.8', 'Fiction, sagas', 'Governesses', 'Charity-schools', 'Married people', 'Country homes', 'Young women', 'Orphans', 'Man-woman relationships']",8235363.0,1847,787
Ethan Frome,Edith Wharton,4.0,"*Edith Wharton wrote Ethan Frome as a frame story — meaning that the prologue and epilogue constitute a ""frame"" around the main story*

**How It All Goes Down**
It's winter. A nameless engineer is in Starkfield, Massachusetts on business and he first sees Ethan Frome at the post office. Ethan is a man in his early fifties who is obviously strong, and obviously crippled. The man becomes fascinated with Ethan and wants to know his story. When Ethan begins giving him occasional rides to the train station, the two men strike up a friendship. One night when the weather is particularly bad, Ethan invites the man to stay at his house. In the hall the man hears a woman talking angrily, on and on. When Ethan speaks, the voice stops. The man tells us that he learned something that night which allowed him to imagine Ethan's story. Now we go back in time 24 years and learn about Ethan's life.

Ethan has walked from his farm and sawmill into town to pick up Mattie Silver from the church dance. He peeks in the windows of the church basement and sees Mattie dancing with Denis Eady and is jealous. Mattie is Ethan's wife's cousin. Her parents both died just over a year ago, and she was left with nothing. Her father had apparently swindled some of the relatives out of their savings, so nobody wanted to help Mattie. Zeena, Ethan's wife, is always sick, and decided to let Mattie live with them in exchange for doing the housework and helping the ailing Zeena.

Ethan liked Mattie from the beginning and worried that Zeena was too hard on her. The two women soon adjusted to each other (sort of) and things weren't as bad as they could have been. Meanwhile, Ethan has fallen in love with Mattie and wants to spend all his time with her.

Mattie soon comes out of the dance, and Ethan watches while Denis Eady tries to give her a ride home. She brushes him off and then Ethan reveals his presence. Ethan and Mattie are happy to see each other. They discuss possibly doing some sledding in the future. Neither is afraid to sled down the hill – at the bottom of which lies the deadly elm tree. The walk home is altogether lovely and romantic, but when they arrive, the house key isn't under the mat like it usually is.

Soon, Zeena, looking ill and scary, comes downstairs and lets them in. She's usually in bed by this hour but she couldn't sleep. She is obviously suspicious of their behavior. The next day she announces that she will be gone overnight visiting a new doctor. Mattie and Ethan make good use of her absence and enjoy a romantic dinner for two. Unfortunately, the cat breaks Zeena's favorite dish and Ethan isn't able to locate any glue until after Zeena gets back. The first thing Zeena does when she gets home is to tell Ethan that she's kicking out Mattie. He protests, but fighting is useless. Then Zeena finds the broken pickle dish and is super upset (it had been a wedding gift).

Ethan decides he'll run away with Mattie, but then a combination of lack of cash and guilt stop him. Still, he insists on driving Mattie to the train station. He takes her on the long route, so they can look at different places they enjoyed together. By the time they get to the town sledding hill, it's already dark. As they are contemplating sledding, and pondering the hopelessness of their situation, Mattie suggests that they sled into the elm tree and kill themselves. Ethan agrees and they smash into the tree. But they survive.

Then the story goes back to the present and we find the engineer right where we left him, about to enter the Frome kitchen. When he does enter he learns that the woman who was talking on and on in an argumentative tone is…Mattie! She has spinal disease and can't move without assistance. Zeena is there too, cooking. They all three live together, an unhappy family in the Frome house.


----------
Also contained in: 

 - [Age of Innocence / The House of Mirth / Ethan Frome](https://openlibrary.org/works/OL20577050W)
 - [Edith Wharton Reader](https://openlibrary.org/works/OL98540W/The_Edith_Wharton_reader)
 - [Ethan Frome and Other Stories](https://openlibrary.org/works/OL15000117W/Ethan_Frome_and_other_stories)
 - [Ethan Frome and Related Readings][1]
 - [Ethan Frome and Selected Stories](https://openlibrary.org/works/OL15000119W/Ethan_Frome_and_Selected_Stories)
 - [Edith Wharton Omnibus](https://openlibrary.org/works/OL98499W/The_Edith_Wharton_Omnibus)
 - [Ethan Frome with Connections](https://openlibrary.org/works/OL15000126W/Ethan_Frome_with_Connections)
 - [The Hermit and the Wild Woman and other stories / Ethan Frome](https://openlibrary.org/works/OL13131348W/Ethan_Frome_The_Hermit_and_the_Wild_Woman_and_other_stories)
 - [Novellas and Other Writings](https://openlibrary.org/works/OL15000211W/Novellas_and_other_writings)
 - [Three Classics by American Women][2]
 - [Three Novels](https://openlibrary.org/works/OL15000264W/Three_Novels)
 - [Works of Edith Wharton](https://openlibrary.org/works/OL98524W/Works_of_Edith_Wharton)

  [1]: https://openlibrary.org/works/OL16061406W/Ethan_Frome_and_Related_Readings
  [2]: https://openlibrary.org/works/OL15514881W/Three_Classics_by_American_Women_(The_Awakening_Ethan_Frome_O_Pioneers!",Accident victims,"['Accident victims', 'American literature', ""Children's fiction"", 'Classic Literature', 'domestic fiction', 'English fiction', 'Family life', 'Farm life', 'Fiction', 'Interpersonal relations', 'Love', 'Marriage', 'Married people', 'poor', 'Poverty', 'Readers', 'Romance', 'Rural poor', 'Young women', 'Massachusetts, fiction', 'Unrequited love', 'Fiction, general', 'Romans, nouvelles', ""Victimes d'accidents"", 'Couples mariés', 'Exhibitions', 'Chinese language', 'Writing', 'Seal style', 'Paste papers', 'Specimens', 'Massachusetts', 'England, fiction']",8303480.0,1910,1000
The Scarlet Pimpernel,"Emmuska Orczy, Baroness Orczy",4.0,The Scarlet Pimpernel (1905) is a play and adventure novel by Baroness Emmuska Orczy set during the Reign of Terror following the start of the French Revolution.,Classic Literature,"['Classic Literature', 'Juvenile fiction', 'British', 'Fiction', 'English language', 'Historical Fiction', 'Refugees', 'Nobility', 'History', 'France, fiction', ""Children's fiction"", 'Adventure fiction', 'France', '1789-1799, Revolution', 'Fiction, historical', 'England, fiction', 'Fiction, general', 'Adventure', 'Childrens fiction', 'Romans, nouvelles', 'Histoire', 'Britanniques', 'Readers']",479102.0,1900,591
To the Lighthouse,Virginia Woolf,4.0,"This novel is an extraordinarily poignant evocation of a lost happiness that lives on in the memory. For years now the Ramsays have spent every summer in their holiday home in Scotland, and they expect these summers will go on forever.In this, her most autobiographical novel, Virginia Woolf captures the intensity of childhood longing and delight, and the shifting complexity of adult relationships. From an acute awareness of transcience, she creates an enduring work of art.",Fiction,"['Fiction', 'Married people', 'Death', 'Mothers', 'Summer resorts', 'Loss (Psychology)', 'English', 'Lighthouses', 'Widowers', 'Marriage', 'Manuscripts', 'Translations', 'Technique', 'Textual Criticism', 'Facsimiles', 'Literature', 'Psychological fiction', 'English fiction', 'Domestic fiction', 'Vacation homes', 'England, fiction', 'Scotland, fiction', 'Fiction, psychological', 'Widowers, fiction', 'Gewohnheit', 'Änderung', 'Sommerfrische', 'Großfamilie', 'English literature', 'Fiction, general', 'British', 'Romans, nouvelles', 'Roman anglais', 'Perte (Psychologie)', ""Stations d'été"", 'Couples mariés', 'Phares', 'Veufs', 'Roman familial', 'Classic Literature', 'Britanniques', 'English--scotland--fiction', 'Loss (psychology)--fiction', 'Mothers--death', 'Mothers--death--fiction', 'Summer resorts--fiction', 'Married people--fiction', 'Lighthouses--fiction', 'Widowers--fiction', 'English fiction--scotland', '823/.912', '929/.343', '823.912 f', 'Cowboys', 'Ranch life', 'Western stories']",8231846.0,1927,521
The Railway Children,Edith Nesbit,4.0,"When Father mysteriously goes away, the children and their mother leave their happy life in London to go and live in a small cottage in the country. 'The Three Chimneys' lies beside a railway track - a constant source of enjoyment to all three. They make friends with the Station Master and Perks the Porter, as well as the jovial 'Old Gentleman' who waves to them everyday from the train. But the mystery remains: where is Father, and will he ever return?",Children's stories,"[""Children's stories"", 'Classic Literature', 'Country life', 'Family', 'Family life', 'Fiction', 'History', 'Juvenile Literature', 'Juvenile fiction', 'Railroads', 'Trains', 'Families', 'Fatherless families', ""Children's fiction"", 'England, fiction', 'Railroads, fiction', 'English language', 'Pictorial works', 'Problems, exercises', 'Reading comprehension', 'Readers (Adult)', 'Railroad stories', 'Drama', 'Historical drama', 'English literature', 'Siblings', 'Classic fiction', 'Classics', 'Sale Books', 'Fiction, general', 'Siblings, fiction', ""Children's literature"", 'Familles']",13241123.0,1900,976
Little Women,Louisa May Alcott,4.0,"Louisa May Alcotts classic novel, set during the Civil War, has always captivated even the most reluctant readers. Little girls, especially, love following the adventures of the four March sisters--Meg, Beth, Amy, and most of all, the tomboy Jo--as they experience the joys and disappointments, tragedies and triumphs, of growing up. This simpler version captures all the charm and warmth of the original.",Romans,"['Romans', 'Jeunes filles', 'Soeurs', 'Sisters', 'Young women', 'Fiction', 'Fiction, women', 'Family life', 'Families', 'Juvenile fiction', 'Domestic fiction', 'Bildungsromans', 'Historical fiction', ""Children's fiction"", 'Sisters, fiction', 'History', 'Dictionaries', 'English language', 'Spanish', 'Familias', 'Hermanas', 'Ficción', 'Young men', 'Family, fiction', 'Family', 'Fiction, general', 'Coloring books', 'German', 'Literarne študije', 'Little women', 'Literature', 'collections', 'biographical', 'historical', 'general', ',', 'romance', 'Animals', 'Friendship', 'England', 'nouvelles', 'Louisa May)', 'Juvenile literature']",8775559.0,1848,1887
The Scarlet Letter,Nathaniel Hawthorne,4.0,"A stark and allegorical tale of adultery, guilt, and social repression in Puritan New England, The Scarlet Letter is a foundational work of American literature. Nathaniel Hawthorne's exploration of the dichotomy between the public and private self, internal passion and external convention, gives us the unforgettable Hester Prynne, who discovers strength in the face of ostracism and emerges as a heroine ahead of her time.",Fiction,"['Fiction', 'Puritans', 'History', 'Adultery', 'Illegitimate children', 'Clergy', 'Married women', 'Revenge', 'Women immigrants', 'American fiction', 'Women', 'Study guides', 'Examinations', 'Juvenile fiction', 'Vocabulary', 'Historical fiction', 'English language', 'Nathaniel Hawthorne', 'Littérature', 'Adultère', 'Femmes', 'Puritains', 'Romans, nouvelles', 'Interpersonal relations', 'Human relations', 'Mortal Sin', 'Illegitimacy', 'Women tailors', 'French', 'Psychological fiction', 'German', 'Spanish', 'American literature', 'Non-Classifiable', ""Children's fiction"", 'Massachusetts, fiction', 'Fiction, historical', 'Clergy, fiction', 'Fiction, psychological', 'Fiction, general', 'Reading comprehension', 'Problems, exercises', 'Readers (Adult)', 'Foreign speakers', 'Readers', 'Puritanos', 'Novela', 'Mujeres', 'Adulterio', 'Frau', 'Ehebruch', 'Puritans, fiction', 'Adulteresses', 'Histoire', 'Enfants naturels', 'Immigrantes', 'Femmes mariées', 'Vengeance', 'Clergé', 'Classics', 'Literary', 'Economic policy', 'Economic aspects', 'General', 'Dictionaries']",5654516.0,1850,608
Wind in the Willows,Kenneth Grahame,4.0,"The adventures of four amiable animals, Rat, Toad, Mole and Badger, along a river in the English countryside.",Children's fiction,"[""Children's fiction"", 'Animals, fiction', 'Friendship, fiction', 'England, fiction', 'Fiction', 'Animals', 'Friendship', 'Juvenile fiction', 'Country life', 'River life', 'Specimens', 'Christmas', 'Folklore', 'Pictorial works', 'Stories', 'Juvenile literature', 'Fairy tales', 'Mythical Animals', 'Fantastic fiction', 'Children: Kindergarten', 'Fantasy', 'Home', 'Hospitality', ""Children's stories"", 'Toads', 'Moles', 'Rats', 'Badgers', 'Fantasy fiction', 'Winds, fiction', 'Moles (Animals)', 'Rivers', 'Landscapes', 'Disguise', 'Ethics', 'Obsessive-compulsive disorder', 'Self-destructive behavior', 'Otters', 'Escapes', 'Thieves', 'Weasels', 'Dwellings', 'Lost articles', 'Amitié', 'Crapauds', 'Taupes', 'Blaireaux', 'Voyages', 'Paysages', 'Déguisement', 'Morale', 'Névroses obsessionnelles', 'Comportement autodestructeur', 'Loutres', 'Évasions', 'Voleurs', 'Belettes', 'Habitations', 'Objets perdus', 'Rats, fiction', 'Rivers, fiction', 'Humorous stories', 'Picture books', 'Classic Literature', 'Nature stories', 'English literature', 'English drama', 'Juvenile works', 'Nature, fiction', 'Classics', 'Frogs, fiction', 'Animales', 'Novela', 'Novela juvenil', 'Ríos', 'Tong hua', 'General', 'Suo xie', 'English fiction', 'Wen xue', 'Roman anglais']",13335427.0,1908,1346
Lolita,Vladimir Nabokov,4.0,"Lolita is a 1955 novel written by Russian-American novelist Vladimir Nabokov. The novel is notable for its controversial subject: the protagonist and unreliable narrator, a middle-aged literature professor under the pseudonym Humbert Humbert, is obsessed with a 12-year-old girl, Dolores Haze, whom he sexually molests after he becomes her stepfather. ""Lolita"" is his private nickname for Dolores. The novel was originally written in English and first published in Paris in 1955 by Olympia Press. Later it was translated into Russian by Nabokov himself and published in New York City in 1967 by Phaedra Publishers.

----------
Also contained in:

 - [Собрание сочинений русского периода в пяти томах: Смех в темноте / Lolita](https://openlibrary.org/works/OL22529308W)
 - [Novels 1955-1962](https://openlibrary.org/works/OL20643775W/Novels_1955-1962)
 - [Works: Ada / Lolita](https://openlibrary.org/works/OL17687842W/Ada_Lolita)",erotic fiction,"['erotic fiction', 'romance fiction', 'fiction', 'love stories', 'novela', 'literary fiction', 'classic fiction', 'coming-of-age', 'Girls', 'Drama', 'Middle-aged men', 'Russian fiction', 'Stepfathers', 'Stepdaughters', 'Hombres', 'Relaciones hombre-mujer', 'Muchachas', 'Edad madura', 'Ficción', 'Pedophilia', 'Love', 'Teenage girls', 'Teenagers', 'Sexual behavior', 'Child molesters', 'collectionID:EanesChallenge', 'Murderers', 'Romans, nouvelles', 'Filles', 'Kommentar', 'Sex addiction', 'Abhängigkeit', 'Sexuelle Attraktion', 'Stieftochter', 'Stiefvater', 'collectionID:bannedbooks', 'Erotica', 'Literary collections', 'Middle-aged men--fiction', 'Girls--fiction', '813/.54', 'Sexual ethics', 'Pédophilie', 'Fétichisme (Psychanalyse)', 'Morale sexuelle']",12984540.0,1955,134
Persuasion,Jane Austen,4.0,"Persuasion tells the love story of Anne Elliot and Captain Frederick Wentworth, whose sister rents Miss Elliot's father's house, after the Napoleonic Wars come to an end. The story is set in 1814. The book itself is Jane Austen's last published book, published posthumously in December of 1818.",V leposlovju,"['V leposlovju', 'Medosebni odnosi', 'Družbene razmere', 'Rejection (Psychology)', 'Officers', 'Great Britain', 'England, fiction', 'Fiction, psychological', 'English literature', 'Manuscripts', 'English Manuscripts', 'Facsimiles', 'Gentry', 'Fiction, sagas', 'Literature', 'Psychological fiction', 'Jeunes femmes', 'Romans, nouvelles', 'Sisters', 'Sœurs', 'Social classes', 'Courtship, fiction', 'Fiction, general', 'Rejection (psychology)--fiction', 'First loves--fiction', 'Young women--england--fiction', '823/.7', 'Psychology', 'Fiction', 'Courtship', 'Motherless families', 'Dysfunctional families', 'Ship captains', 'First loves', 'Young women', 'General', 'LITERARY CRITICISM', 'Man-woman relationships']",12824691.0,1789,1235
Peter Pan,J. M. Barrie,4.0,"The adventures of the three Darling children in Never-Never Land with Peter Pan, the boy who would not grow up.",Pop-up books,"['Pop-up books', 'Specimens', 'Juvenile fiction', 'Fiction', 'open_syllabus_project', ""Children's stories"", 'Classic Literature', 'Drama', 'Fantasy', 'Pirates', ""Children's plays"", 'Fairy plays', 'Fairies', ""Children's fiction"", 'Fantasy fiction', 'English literature', 'Boys', 'nyt:picture-books=2008-11-23', 'Youth, fiction', 'Plays', 'Pirates, fiction', 'Imaginary societies', 'Classics', 'Fiction, general', 'Fairies, fiction']",8237052.0,1911,428
Kim,Rudyard Kipling,4.0,"Kim is Rudyard Kipling's story of an orphan born in colonial India and torn between love for his native India and the demands of Imperial loyalty to his Irish-English heritage and to the British Secret Service. Long recognized as Kipling's finest work, Kim was a key factor in his winning the Nobel Prize for Literature in 1907.",Fiction,"['Fiction', 'Irish', 'Lamas', 'Orphans', 'Boys', 'Juvenile fiction', 'Classic Literature', ""Juvenile fiction'"", 'British', 'Youth', 'Education', 'Enlightenment (Buddhism)', 'Spies', 'Kindness', 'History', 'India, fiction', 'Fiction, historical', 'Irish fiction', 'Adventure stories', 'English fiction', 'English literature', ""Children's fiction"", 'Literature', 'India', 'Adventure fiction', 'Beggars', 'Spy stories', 'Fiction, general', 'Juvenile literature', 'Llamas']",1053011.0,1901,934
The Sea Fairies,L. Frank Baum,4.0,"This is a tale of life beneath the sea, of mermaids and sea serpents and other strange inhabitants of the ocean depths. A little girl named Trot and Cap'n Bill, an old sailor, are invited by several mermaids to come and visit their under-water home. Baum wrote this story in the hope of interesting his readers in something other than Oz; in the preface he writes: ""I hope my readers who have so long followed Dorothy's adventures in the Land of Oz will be interested in Trot's equally strange experiences."" Of course, he did not succeed in distracting his fans from Oz, yet the book was eagerly read; the result of this attempt was that he was forced to introduce Trot and Cap'n Bill into the later Oz stories.",Children's stories,"[""Children's stories"", 'Juvenile fiction', 'Classic Literature', 'Fiction', ""Children's fiction"", 'Fantasy fiction', 'Fantasy']",1814237.0,1911,528
Anatomy,Henry Gray F.R.S.,4.0,"An unabridged edition of ""Gray's Anatomy"", the scientific and artistic triumph. Kept in print by its clarity and usefulness, the text features sumptuous illustrations and clear, matter-of-fact descriptions. It is illustrated with morethan 500 clinical drawings by H.V. Carter. This is a scientific and artistic triumph. Not just a dry index of parts and names, Gray's lets the natural beauty and grace of the body's interconnected systems and structures shine forth from the page. Using sumptuous illustrations and clear, matter-of-fact descriptions, Dr. Gray unleashed a classic on the world more than 100 years ago. Its clarity and usefulness keep it in print today. Whether you want to understand yourself or others, knowledge of our physical parts and how they fit together is essential. ""Gray's Anatomy"" provides that information in a simple, timeless format that cleanly dissects a body of knowledge grown over centuries. This unabridged book will not only fill the needs of people in the medical profession, but will please artists and naturalists as well.",Anatomie humaine,"['Anatomie humaine', 'Anatomy', 'Artistic Anatomy', 'Dissection', 'Human anatomy', 'Manuels', 'manuals', 'illlustrations', 'Anatomie', 'Human dissection', 'Medicine', 'History', 'Reference', 'Människokroppens anatomi']",692969.0,1858,109
The Moonstone,Wilkie Collins,4.0,"One of the first English detective novels, this mystery involves the disappearance of a valuable diamond, originally stolen from a Hindu idol, given to a young woman on her eighteenth birthday, and then stolen again. A classic of 19th-century literature.",Fiction,"['Fiction', 'Jewelry theft', 'East Indians', 'Police', 'Drama', 'History', 'Readers', 'English fiction', 'Country homes', 'Diamonds', 'Young women', 'Juvenile literature', 'Upper class', 'Classic Literature', 'Mystery fiction', 'England, fiction', 'Murder', 'Moonstones', 'Literature', 'Dictionaries', 'English language', 'French', 'Spanish', 'William', 'Wilkie', 'Collins', 'Bantam', 'Classics', 'The Moonstone', 'Romance', 'Mystery Crime', 'Swords', 'Poison', 'Thievery', 'Kidnapping', 'Hypnotism', 'Fear', 'Joy', 'Compassion', 'Anger', 'Death', 'Crime, fiction', 'English literature', 'Fiction, crime', 'Juvenile fiction', 'Chinese speakers', ""Children's fiction"", 'Romans, nouvelles', 'Histoire', 'General', 'Malicious accusation', 'Jaw', 'Injuries', 'Operative Dentistry']",8237041.0,1868,636
Orthodoxy,Gilbert Keith Chesterton,4.0,"<p><i>Orthodoxy</i> is <a href=""https://standardebooks.org/ebooks/g-k-chesterton"">G. K. Chesterton’s</a> response to his critics’ assertion that his earlier collection of essays, <i><a href=""https://standardebooks.org/ebooks/g-k-chesterton/heretics"">Heretics</a></i>, had “merely criticised current philosophies without offering any alternative philosophy.” In his intellectual journey from pagan to agnostic to positivist philosopher, he had attempted to build a philosophy “some ten minutes in advance of the truth.” But when he compared his modern philosophy with Christian theology, he realized that he was “the man who with the utmost daring discovered what had been discovered before.” Thus, <i>Orthodoxy</i> is a work of Christian apologetics, where Chesterton tries to show that Christianity is a universal answer to the everyday needs of humanity, and not just an arbitrary philosophy handed down from on high.</p>",Apologetics,"['Apologetics', 'Christianity', 'History', 'Evidence', 'Nonfiction', 'Essays', 'Christendom', 'Christianisme', 'Apologetiek', 'Aplogetics', 'Apologetica', 'Theology', 'Ha resie', 'Rechtgla ubigkeit', 'Literatur', 'Discipling (christianity)', 'Religion, philosophy', 'Religion']",6268135.0,1908,209
Five Children and It,Edith Nesbit,4.0,"Haven't you ever thought what you would wish for if you were granted three wishes? In Nesbit's delightful classic, five siblings find a creature that grants their wishes, but as the old saying goes: be careful what you wish for, it might come true...",Fiction,"['Fiction', 'Fairies', 'Wishes', 'History', 'Juvenile fiction', 'Fantasy', 'Fairy tales', 'Stories', 'England', 'Fantasy fiction', 'Amulets', ""Children's fiction"", 'Fairies, fiction', 'England, fiction', 'Children, fiction', 'Readers', 'Readers (Adult)', 'English language', 'Reading comprehension', 'Problems, exercises', 'Children', 'Fiction, general', 'Fées', 'Souhaits', 'Histoire', 'Family', 'Siblings, fiction', 'Ying yu', 'Han yu', 'Anglais (Langue)']",28174.0,1905,945
The Age of Innocence,Edith Wharton,4.0,"Edith Wharton's most famous novel, written immediately after the end of the First World War, is a brilliantly realized anatomy of New York society in the 1870s, the world in which she grew up, and from which she spent her life escaping. Newland Archer, Wharton's protagonist, charming, tactful, enlightened, is a thorough product of this society; he accepts its standards and abides by its rules but he also recognizes its limitations. His engagement to the impeccable May Welland assures him of a safe and conventional future, until the arrival of May's cousin Ellen Olenska puts all his plans in jeopardy. Independent, free-thinking, scandalously separated from her husband, Ellen forces Archer to question the values and assumptions of his narrow world. As their love for each other grows, Archer has to decide where his ultimate loyalty lies. - Back cover.",Fiction,"['Fiction', 'Upper class', 'Married people', 'Separated people', 'Marriage', 'Separated women', 'Upper classes', 'Social norms', 'Nobility', 'Love stories', 'Classic Literature', 'Literature', 'Drama', 'Romance', 'award:pulitzer_prize=1921', 'award:pulitzer_prize=fiction', 'open_syllabus_project', 'Historical fiction', 'Movie novels', 'Film novelizations', 'American fiction', 'American literature', 'Romance fiction', 'Fiction, general', 'Romans, nouvelles', 'Couples mariés', 'Classes supérieures', 'Civilization', 'Women', 'Socialites', 'archer', 'innocence', 'age', 'madame', 'olenska', 'der', 'newland', 'beaufort', 'welland', 'van', 'van der', 'madame olenska', 'der luyden', 'young man', 'countess olenska', 'newland archer', 'ellen olenska', 'archer felt', 'lovell mingott', 'der luydens']",11196262.0,1920,285
The House of Mirth,Edith Wharton,4.0,"Beautiful, intelligent, and hopelessly addicted to luxury, Lily Bart is the heroine of this Wharton masterpiece. But it is her very taste and moral sensibility that render her unfit for survival in this world.",Fiction,"['Fiction', 'Single women', 'Social classes', 'Drama', 'Classic Literature', 'Social status', 'Social values', 'open_syllabus_project', 'Roman', 'Fiction, psychological', 'Fiction, general', 'Social conditions', 'Fiction, historical', 'American literature', 'Separated women', 'Social norms', 'Upper class', 'Married people', 'Women', 'Young women', 'Classes sociales', 'Romans, nouvelles', 'Femmes seules', 'Rich people']",9329539.0,1905,684
The blue castle,Lucy Maud Montgomery,4.0,"Valancy Stirling is 29, unmarried, and has never been in love. Living with her overbearing mother and meddlesome aunt, she finds her only consolation in the ""forbidden"" books of John Foster and her daydreams of the Blue Castle--a place where all her dreams come true and she can be who she truly wants to be. After getting shocking news from the doctor, she rebels against her family and discovers a surprising new world, full of love and adventures far beyond her most secret dreams.",Juvenile fiction,"['Juvenile fiction', 'Friendship', 'Self-actualization (Psychology)', 'Choice', 'History', 'Single women', 'Fiction', 'Romance fiction', 'Fiction, general']",14640067.0,1926,294
Just So Stories,Rudyard Kipling,4.0,"Seven tales that explain special things about animals, such as how the whale got his tiny throat, the camel his hump and the leopard his spots.",Animals,"['Animals', 'Short stories', 'Fiction', ""Children's fiction"", 'Animals, fiction', 'Juvenile fiction', 'Stories', 'Animals, legends']",36215.0,1922,245
Frankenstein or The Modern Prometheus,Mary Shelley,4.0,"*Frankenstein; or, The Modern Prometheus* is an 1818 novel written by English author Mary Shelley. Frankenstein tells the story of Victor Frankenstein, a young scientist who creates a sapient creature in an unorthodox scientific experiment. Shelley started writing the story when she was 18, and the first edition was published anonymously in London on 1 January 1818, when she was 20. Her name first appeared in the second edition, which was published in Paris in 1821.",Fiction,"['Fiction', 'Scientists', 'Monsters', 'Fiction, horror', 'Physicians, fiction', 'Scientists, fiction', ""Children's fiction"", 'Horror stories', 'Fiction, general', 'Horror tales', 'English fiction', 'Study guides', 'Examinations', 'Fiction, gothic', 'Reading comprehension', 'Monsters, fiction', 'English literature', 'Readers', ""Children's stories"", 'Monstrous', 'Novela', 'Horror fiction', 'literary criticism', 'Authors', 'Travel', 'Reincarnation', 'Self-actualization (Psychology)', 'Vida espiritual', 'Conducta (Ética)', 'Self-realization', 'Reading materials', 'Switzerland, fiction', 'Science fiction', 'Monstres', 'Romans, nouvelles', 'Classic fiction', 'Illustration', 'Gothic fiction', 'Frankenstein’s monster', 'Monsters--fiction', '823.7 f', 'Frankenstein, victor', ""Frankenstein's monster"", 'Scientists--fiction', '823/.7', 'Fic004000', '823.7', 'English', 'Scot', 'Classics', 'Horror', 'Gothic', 'Mary shelley', 'Women authors', 'Rhetoric', 'Ya', 'Young adult', 'Juvenile', 'History', 'Historical', 'Classic', 'Literature', 'Books', 'Novels', 'Hardcovers', 'Paperback', 'Ebook', 'Audio-book', 'Stories', 'Tales', 'Madness', 'Mad', 'Science', 'Life conduct', 'Ethics', 'Ficción', 'Monstruos', 'Epistolary fiction', 'Conducta (etica)', 'ghost', 'Frankenstein films', 'Juvenile fiction', 'Man-woman relationships', '823']",12356249.0,1818,2184
The Call of the Wild,Jack London,4.0,"As Buck, a mixed breed dog, is taken away from his home, instead of facing a feast for breakfast and the comforts of home, he faces the hardships of being a sled dog. Soon he lands in the wrong hands, being forced to keep going when it is too rough for him and the other dogs in his pack. He also fights the urges to run free with his ancestors, the wolves who live around where he is pulling the sled.",Gold discoveries,"['Gold discoveries', 'Bienestar', 'Lobos', 'Feral dogs', 'Pet theft', 'Dogs', 'Sea stories', 'In literature', 'Animales', 'Perros', 'Animal welfare', 'Ficción juvenil', 'open_syllabus_project', 'Adventure stories', 'Wolves', 'Fiction', 'History', 'Wolfdogs', 'Perros salvajes', 'Juvenile fiction', 'Sled dogs', 'Ficción', 'Human-animal relationships', ""Children's fiction"", 'Alaska, fiction', 'Dogs, fiction', 'Readers', 'American literature', 'Wolves, fiction', 'Yukon, fiction', 'Fiction, general', 'Italijanščina', 'Vaje', 'Jezikovni pouk', 'Animals, fiction', 'Theft, fiction', 'Canada, fiction', 'Juvenile literature', 'American fiction', 'Chiens', 'Romans, nouvelles', 'Loups', 'Chiens-loups', ""Découvertes d'or"", 'General', 'Literature', 'Nature stories', 'Wolfdogs--fiction', '813/.52', 'Animal welfare--fiction', 'Feral dogs--fiction', 'Pet theft--fiction', 'Sled dogs--fiction', 'Dogs--fiction', 'Chiens errants']",12393037.0,1903,1393
My Ántonia,Willa Cather,4.0,"My Antonia, first published 1918, is one of Willa Cather's greatest works. It is the last novel in the Prairie trilogy, preceded by O Pioneers! and The Song of the Lark.My Antonia tells the stories of several immigrant families who move out to rural Nebraska to start new lives in America, with a particular focus on a Bohemian family, the Shimerdas, whose eldest daughter is named Antonia. The book's narrator, Jim Burden, arrives in the fictional town of Black Hawk, Nebraska, on the same train as the Shimerdas, as he goes to live with his grandparents after his parents have died. Jim develops strong feelings for Antonia, something between a crush and a filial bond, and the reader views Antonia's life, including its attendant struggles and triumphs, through that lens.",Literature,"['Literature', 'Czech Americans', 'Married women', 'Friendship', 'Women immigrants', 'Fiction', ""Farmers' spouses"", 'Women pioneers', 'Classic Literature', 'Farm life', 'Love stories', ""Farmers' spouse"", 'Romans', 'Women', 'Nebraska, fiction', 'Fiction, westerns', 'Friendship, fiction', 'Czechoslovakian Americans', 'Junge Frau', 'Siedler', 'Immigrants', 'History', 'Western stories', 'Domestic fiction', 'Fiction, historical', 'Fiction, general', 'Iowa, fiction', 'Fiction, sagas', 'Juvenile literature', 'Pioneers', 'American literature', 'Pionniers', 'Immigrantes', 'Romans, nouvelles', 'Agriculteurs', 'Conjoints', 'Pionnières', 'Femmes mariées', 'Classics', ""Children's fiction"", ""Farmers' spouses--fiction"", 'Women pioneers--fiction', 'Farm life--fiction', 'Women immigrants--fiction', 'Czech americans--fiction', 'Married women--fiction', '813/.52', 'Italian language', 'Etymology', 'Names', 'Geographical Names', 'Linguistic geography']",8369013.0,1918,208
Great Expectations,Charles Dickens,4.0,"Great Expectations is the thirteenth novel by Charles Dickens and his penultimate completed novel. It depicts the education of an orphan nicknamed Pip (the book is a bildungsroman; a coming-of-age story). It is Dickens' second novel, after David Copperfield, to be fully narrated in the first person. The novel was first published as a serial in Dickens's weekly periodical All the Year Round, from 1 December 1860 to August 1861. In October 1861, Chapman and Hall published the novel in three volumes.

The novel is set in Kent and London in the early to mid-19th century and contains some of Dickens's most celebrated scenes, starting in a graveyard, where the young Pip is accosted by the escaped convict Abel Magwitch. Great Expectations is full of extreme imagery – poverty, prison ships and chains, and fights to the death – and has a colourful cast of characters who have entered popular culture. These include the eccentric Miss Havisham, the beautiful but cold Estella, and Joe, the unsophisticated and kind blacksmith. Dickens's themes include wealth and poverty, love and rejection, and the eventual triumph of good over evil. Great Expectations, which is popular both with readers and literary critics, has been translated into many languages and adapted numerous times into various media.",Authors,"['Authors', 'Benefactors', 'Bildungsromans', 'Boys', ""Children's fiction"", 'Classic Literature', 'Drama', 'English fiction', 'English literature', 'English Manuscripts', 'Ex-convicts', 'Facsimiles', 'Family', 'Fiction', 'History', 'Industrial revolution', 'Juvenile fiction', 'Man-woman relationships', 'Manuscripts', 'Newspapers', 'open_syllabus_project', 'Orphans', 'Pirates', 'Poor children', 'Readers', 'Readers (Adult)', 'Revenge', 'Roman', 'Social classes', 'Social conditions', 'Social history', 'Study guides', 'Working class', 'Young men', 'Adaptations', 'England, fiction', ""Children's stories"", 'Young men--england--fiction', '823/.8', 'English drama', 'Texts', 'Fiction, general', 'Orphans, fiction', 'Bargain Books', 'Fiction, religious', 'English language', 'Reference books']",13322313.0,1861,1493
The Portrait of a Lady,Henry James,4.0,"Een rijke Amerikaanse jonge vrouw met een sterke drang naar onafhankelijkheid blijft, ondanks alles wat ze in de loop van haar huwelijk over hem te weten komt, haar onbekrompen maar oppervlakkige echtgenoot trouw.",Fiction,"['Fiction', 'Americans', 'Married women', 'Young women', 'Married people', 'Domestic relations', 'Readers', 'Marriage', 'Classic Literature', 'Historical Fiction', 'Romance', 'Latin language', 'Grammar', 'Problems, exercises', '- Fiction""', 'Film', 'Italy, fiction', 'fiction""', 'Fiction, psychological', 'American literature', 'Young women--fiction', 'Americans--italy--fiction', 'Married people--fiction', '813/.4', 'Married women--fiction']",8236992.0,1881,136
Mrs. Dalloway,Virginia Woolf,4.0,"Virginia Woolf’s novel chronicles a day in the life of Clarissa Dalloway, a politician’s wife in 1920s London, as she prepares to host a party that evening. The narrative follows Clarissa’s thoughts (and sometimes those of people she meets) as she goes about her errands, and events in the day remind her of her youth and friendships from the past. As the book progresses characters from the past emerge, igniting old feelings and making Clarissa question the life she has created for herself.

*Mrs. Dalloway* became the inspiration for Michael Cunningham’s 1998 novel *The Hours*.",Fiction,"['Fiction', 'Married women', 'Regret', 'Middle-aged women', 'First loves', 'Suicide victims', 'Parties', 'Classic Literature', 'Literature', 'Suicide', 'Psychological fiction', 'Interpersonal relations', 'England', 'Wives', 'Domestic fiction', 'Fiction, psychological', 'Fiction, general', 'Fiction, women', 'Lesbians', 'English literature', 'English fiction', 'Romance Ingles', 'Roman anglais', 'Middle-aged women--fiction', 'Suicide victims--fiction', 'Married women--fiction', 'First loves--fiction', 'Parties--fiction', 'Regret--fiction', '823/.912', 'Upper class']",6397580.0,1925,476
A Little Princess,Frances Hodgson Burnett,4.0,"This is a story about a different kind of princess than one might imagine; a princess that is an orphan - lonely, cold, hungry and abused. Sara Crewe begins life as the beloved, pampered daughter of a rich man. When he dies a pauper, she is thrown on the non-existent mercy of her small-minded, mercenary boarding school mistress. Stripped of all her belongings but for one set of clothes and a doll, Sara becomes a servant of the household. Hated by the schoolmistress for her independent spirit, Sara becomes a pariah in the household, with only a few secretly loyal friends. But through her inner integrity and strength of will, Sara Crewe maintains the deportment, inner nobility and generous spirit of a ""real"" princess.",Children's fiction,"[""Children's fiction"", 'Orphans, fiction', 'England, fiction', 'Schools, fiction', 'Fiction', 'Orphans', 'Schools', 'Boarding schools', 'History', 'Juvenile fiction', ""Children's plays"", 'Girls', 'Poor girls', 'Historical fiction', 'Princesses, fiction', 'Lascar', 'Ram Das', 'Father', 'friendship', 'boarding school', 'charity', ""Children's stories""]",2328315.0,1905,304
Oliver Twist,Charles Dickens,4.0,"Oliver Twist; or, The Parish Boy's Progress, is the second novel by English author Charles Dickens. It was originally published as a serial from 1837 to 1839, and as a three-volume book in 1838. The story follows the titular orphan, who, after being raised in a workhouse, escapes to London, where he meets a gang of juvenile pickpockets led by the elderly criminal Fagin, discovers the secrets of his parentage, and reconnects with his remaining family.

Oliver Twist unromantically portrays the sordid lives of criminals, and exposes the cruel treatment of the many orphans in London in the mid-19th century.[2] The alternative title, The Parish Boy's Progress, alludes to Bunyan's The Pilgrim's Progress, as well as the 18th-century caricature series by painter William Hogarth, A Rake's Progress and A Harlot's Progress.

In an early example of the social novel, Dickens satirises child labour, domestic violence, the recruitment of children as criminals, and the presence of street children. The novel may have been inspired by the story of Robert Blincoe, an orphan whose account of working as a child labourer in a cotton mill was widely read in the 1830s. It is likely that Dickens's own experiences as a youth contributed as well, considering he spent two years of his life in the workhouse at the age of 12 and subsequently, missed out on some of his education.",Bildungsromans,"['Bildungsromans', 'Boys', 'British fiction', 'Children', ""Children's fiction"", ""Children's stories"", 'Classic', 'Criminals', 'Criminels', 'Customs', 'Enfants pauvres', 'English language', 'English literature', 'Fiction', 'fiction classics', 'Historical fiction', 'History', 'Identity (Psychology)', 'Juvenile fiction', 'Kidnapping', 'Kidnapping victims', 'Literature', 'Missing persons', 'Novels', 'Orphans', 'Poor children', 'Poverty', 'Readers', 'Social conditions', 'Social life', 'Sources', 'Stories', 'Street life', 'Thieves', ""Victimes d'enlèvement"", 'Victims', 'YA', 'Young adult', 'serials', 'workhouses', 'child labour', 'domestic violence', 'street children', 'Kidnap victims', 'Pickpockets', 'English fiction', 'Poor', 'Twist, oliver', 'Kidnapping victims--fiction', 'Criminals--fiction', 'Orphans--fiction', 'Boys--fiction', '823/.8', 'Criminals, fiction', 'Crime, fiction', 'Orphans, fiction', 'England, fiction', 'Drama', 'Fiction, psychological', ""Children's plays"", 'Plays', 'Fiction, general', 'Romans, nouvelles', 'Adventure stories']",13300802.0,1822,2210
On The Road,Jack Kerouac,4.0,"Described as everything from a ""last gasp"" of romantic fiction to a founding text of the Beat Generation movement, this story amounts to a nonfiction novel (as critics were later to describe some works).  Unpublished writer buddies wander from coast to coast in search of whatever they find, eager for experience.  Kerouac's spokesman is Sal Paradise (himself) and real-life friend Neal Casady appears as Dean Moriarty.",Beat generation,"['Beat generation', 'Fiction', 'Autobiographical fiction', 'Literature', 'Classic Literature', 'Beats (Persons)', 'Bohemianism', 'Drugs', 'Jazz', 'Literature: Classics', 'Classics', 'NOVELAS ESTADOUNIDENSES', 'English language', 'Study guides', 'Examinations', 'Beatniks', 'Romans, nouvelles', 'American fiction', 'American literature', 'Literary', 'General']",34655.0,1957,122
Bleak House,Charles Dickens,4.0,"As the interminable case of Jarndyce and Jarndyce grinds its way through the Court of Chancery, it draws together a disparate group of people: Ada and Richard Clare, whose inheritance is gradually being devoured by legal costs; Esther Summerson, a ward of court, whose parentage is a source of deepening mystery; the menacing lawyer Tulkinghorn; the determined sleuth Inspector Bucket; and even Jo, the destitute little crossing-sweeper. A savage, but often comic, indictment of a society that is rotten to the core, Bleak House is one of Dickens's most ambitious novels, with a range that extends from the drawing rooms of the aristocracy to the poorest of London slums.",Fiction,"['Fiction', 'Young women', 'Illegitimate children', 'Social problems', 'Social conditions', 'Classic Literature', 'Literature', 'open_syllabus_project', 'Domestic fiction', 'England, fiction', 'Fiction, historical', 'English literature', 'Classics', 'LITERARY CRITICISM', 'European', 'Enfants naturels', 'Romans, nouvelles', 'Jeunes femmes', 'Fiction, general', 'Fiction, legal', 'Bildungsromans', 'Legal stories', 'Novela inglesa', '823/.8', 'History']",9279273.0,1850,417
The Secret Agent,Joseph Conrad,4.0,"**The Secret Agent: A Simple Tale** is a novel by Joseph Conrad, first published in 1907. The story is set in London in 1886 and deals with Mr. Adolf Verloc and his work as a spy for an unnamed country (presumably Russia). The Secret Agent is one of Conrad's later political novels in which he moved away from his former tales of seafaring. The novel is dedicated to H. G. Wells and deals broadly with anarchism, espionage, and terrorism. It also deals with exploitation of the vulnerable in Verloc's relationship with his brother-in-law Stevie, who has an intellectual disability. Conrad’s gloomy portrait of London depicted in the novel was influenced by Charles Dickens’ *Bleak House*.

(Source: [Wikipedia](https://en.wikipedia.org/wiki/The_Secret_Agent))","Anarchists, fiction","['Anarchists, fiction', 'Conspiracies, fiction', 'Bombings, fiction', 'Terrorism, fiction', 'Drama', 'Trading companies', 'Dutch', 'Classic Literature', 'Moles (Spies)', 'Political', 'English literature', 'Africa, fiction', 'Fiction, psychological', 'Fiction, political', 'English Romances', 'Romance Ingles', 'English fiction', 'Terrorists, fiction', 'Jewish', 'Christian', 'Biographical', 'Medical', 'Suspense', 'Science Fiction', 'Religious', 'Psychological', 'Hard-Boiled', 'Historical', 'Fantasy', 'Classics', 'Radicalism', 'England, fiction', ""Children's fiction"", 'Conrad, Joseph', 'Play', 'Terrorism', 'Fiction', 'Conspiracies', 'Anarchists', 'Bombings']",8239401.0,1907,255
Emma,Jane Austen,4.0,"Emma, by Jane Austen, is a novel about youthful hubris and the perils of misconstrued romance. The novel was first published in December 1815. As in her other novels, Austen explores the concerns and difficulties of genteel women living in Georgian-Regency England; she also creates a lively comedy of manners among her characters. Before she began the novel, Austen wrote, ""I am going to take a heroine whom no one but myself will much like."" In the very first sentence she introduces the title character as ""Emma Woodhouse, handsome, clever, and rich."" Emma, however, is also rather spoiled, headstrong, and self-satisfied; she greatly overestimates her own matchmaking abilities; she is blind to the dangers of meddling in other people's lives; and her imagination and perceptions often lead her astray.",Mate selection,"['Mate selection', 'Fiction', 'open_syllabus_project', 'Historical Fiction', 'Female friendship', 'Young women', 'Classic Literature', 'England, fiction', 'Fiction, humorous', 'Friendship, fiction', 'English literature', 'Romance fiction', 'English fiction', 'Love stories', 'Humorous fiction', 'Friendship', 'England', 'Courtship', 'Juvenile fiction', ""Children's stories"", 'General', 'Humorous stories', 'Bildungsromans', 'Readers', 'Romans, nouvelles', 'Amitié féminine', 'Jeunes femmes', 'Romance', 'Humorous', 'Fiction, general', 'Young women--fiction', 'Female friendship--fiction', '823/.7', 'Woodhouse, emma', 'Mate selection--fiction', 'Young women--england--fiction', ""Children's fiction"", 'Classics', 'Historical', 'Literary', 'Contemporary women', 'Přátelství', 'Zamilovanost', 'Humoristický román', 'Upper class', 'Man-woman relationships', 'Classes supérieures', 'Amours']",9278312.0,1815,2260
The Time Machine,H. G. Wells,4.0,"The Time Traveller, a dreamer obsessed with traveling through time, builds himself a time machine and, much to his surprise, travels over 800,000 years into the future. He lands in the year 802701: the world has been transformed by a society living in apparent harmony and bliss, but as the Traveler stays in the future he discovers a hidden barbaric and depraved subterranean class. Wells's transparent commentary on the capitalist society was an instant bestseller and launched the time-travel genre.",Fiction,"['Fiction', 'Literature', 'Scientists', 'Classic Literature', 'Space warfare', 'open_syllabus_project', 'Dystopias', 'Time travel', 'Science fiction', 'Juvenile fiction', 'Animal experimentation', 'Graphic novels', 'General', 'Movie novels', ""Children's fiction"", 'Fiction, dystopian', 'Short stories', 'English fiction', 'Texts', 'English literature', 'Coloring books', 'Adaptations', 'Inventors', 'Science-fiction', 'Romans', 'Dictionaries', 'English language', 'Spanish', 'German', 'French', 'Korean', 'Fantasy fiction', 'Fiction, psychological', 'Scientists, fiction', 'Romans, nouvelles', 'Dystopies', 'Novela', 'Ciencia-ficción', 'Distopías', 'Fiction, general']",9009316.0,1895,1151
Black Beauty,Anna Sewell,4.0,"(Ages 9-12, Gr. 4-7) An **animal rights classic** that's also an engaging read, **BLACK BEAUTY follows the life of an ebony horse from birth to old age**, and from pasture to the cobblestone streets of **19th century England** This morality tale and **animal ""autobiography""** gives a sweet and kind horse **a voice that's relatable yet unsentimental.**. Black Beauty's life begins on the grounds of an aristocratic English family. The **young horse learns early lessons from his mother like how not to bite or kick even in play** before circumstances force his sale to a new master; it's the first of several such sales/moves for the horse. As **his life intersects with different human owners, caretakers, and neighbors**, Black Beauty **experiences different kinds of care and abuse**, and he observes the **differing attitudes of humans toward horses.** Peppered throughout the novel are the **moral lessons** that the author, **Anna Sewell **who is the author**, wants to impart to her readers:** that **truly good humans are kind to all of God's creatures,** that **parents should teach their children to be kind to animals,** and perhaps most important, that **even though they can't speak, horses can feel so that makes this fiction/fake.** Anna Sewell was a devout Quaker, and that is apparent in her pacifist point of view, and in the book's **emphasis on the value of hard work without complaint.**


**strong text** author: a person who wrote the book",Black Beauty,"['Black Beauty', 'Anna Sewell', '19th Century', 'Children', ""Children's"", 'Kids', 'Juvenile', 'Classic', 'Fiction', 'Books', 'Stories', 'Drama', 'Biography', 'History', 'Legends', 'Animals', 'Classic Literature', 'Juvenile Literature', 'Horses', 'Animal rights', 'Humane treatment', 'Kindness', 'Gentleness', 'Morals', 'Morality', ""Children's fiction"", 'Horses, fiction', 'England, fiction', 'Juvenile fiction', 'Folklore', 'Specimens', 'Fiction, historical', 'Readers', 'Fairy tales', 'Adaptations', 'Graphic novels', 'Animal welfare', 'Social conditions', 'Treatment', 'Chevaux']",5007492.0,1877,108
